album_id,owner_id,title,shared,created
7001,73833,Road trip,True,2021-07-12T19:44:05.213Z
7002,94953,Friends,True,2021-07-18T10:04:41.313Z
7003,79913,Garden,True,2021-07-18T14:13:19.907Z
7004,54351,Summer 2021,True,2021-07-19T06:09:36.346Z
7005,54351,Friends,False,2021-07-20T14:05:34.913Z
7006,61131,Hiking,False,2021-07-20T14:49:39.228Z
7007,52750,Summer 2021,False,2021-07-23T11:00:53.524Z
7008,94703,Hiking,True,2021-07-23T13:43:17.380Z
7009,38339,Kids,False,2021-07-24T02:05:06.050Z
7010,54351,Kids,True,2021-07-25T03:11:01.852Z
7011,29692,Family,False,2021-07-29T01:00:54.536Z
7012,71697,Friends,True,2021-07-29T11:09:57.532Z
7013,47619,Fall colors,True,2021-07-29T17:33:54.570Z
7014,88297,Family,False,2021-08-01T12:53:39.758Z
7015,54351,Garden,True,2021-08-01T15:26:45.933Z
7016,76444,Friends,False,2021-08-03T03:57:27.099Z
7017,97279,Vacation,False,2021-08-03T06:37:50.027Z
7018,72568,Friends,False,2021-08-05T03:01:15.130Z
7019,83270,Family,False,2021-08-05T21:27:32.202Z
7020,83244,Fall colors,True,2021-08-07T19:05:33.520Z
7021,54351,Hiking,False,2021-08-08T04:11:46.196Z
7022,88227,Food,True,2021-08-08T05:40:50.310Z
7023,15778,Concerts,False,2021-08-09T07:33:17.677Z
7024,68832,Kids,False,2021-08-10T06:13:54.887Z
7025,33145,Family,False,2021-08-11T00:19:05.169Z
7026,36755,Fall colors,False,2021-08-15T14:33:38.706Z
7027,54351,Holidays,True,2021-08-15T22:26:29.739Z
7028,96454,Wedding,False,2021-08-16T01:08:38.781Z
7029,76444,Family,False,2021-08-16T01:33:56.694Z
7030,96454,Kids,True,2021-08-16T13:51:56.389Z
7031,61131,Road trip,False,2021-08-17T03:32:51.774Z
7032,54351,Road trip,True,2021-08-17T13:05:13.688Z
7033,74761,Garden,True,2021-08-18T16:52:29.206Z
7034,55945,Friends,True,2021-08-18T22:23:42.444Z
7035,52093,Summer 2021,False,2021-08-19T21:47:19.999Z
7036,21154,Road trip,False,2021-08-20T17:28:24.367Z
7037,71261,Friends,False,2021-08-22T13:03:38.195Z
7038,45806,Summer 2021,True,2021-08-22T22:27:48.103Z
7039,57951,Fall colors,True,2021-08-23T13:45:15.700Z
7040,33221,Food,False,2021-08-24T13:48:27.834Z
7041,88685,Holidays,False,2021-08-24T22:08:46.129Z
7042,54351,Food,False,2021-08-25T17:08:25.887Z
7043,82901,Wedding,False,2021-08-27T18:57:15.022Z
7044,34285,Vacation,True,2021-08-28T03:36:07.051Z
7045,35382,Holidays,True,2021-08-28T08:45:41.331Z
7046,54351,Concerts,True,2021-08-28T16:34:37.934Z
7047,34757,Wedding,False,2021-08-30T22:28:41.474Z
7048,74461,Garden,False,2021-08-31T03:56:36.777Z
7049,27296,Friends,False,2021-08-31T15:05:52.965Z
7050,71773,Food,True,2021-09-01T03:02:28.093Z
7051,71773,Kids,True,2021-09-01T09:19:28.093Z
7052,71773,Road trip,False,2021-09-01T15:12:28.093Z
7053,54351,Food,False,2021-09-02T06:20:55.094Z
7054,54351,Road trip,True,2021-09-05T18:32:13.475Z
7055,80520,Best of 2021,True,2021-09-08T13:42:06.580Z
7056,97252,Family,True,2021-09-09T12:22:40.425Z
7057,60999,Food,False,2021-09-10T11:37:27.485Z
7058,81064,Hiking,False,2021-09-10T12:16:17.960Z
7059,54351,Garden,True,2021-09-10T13:26:23.433Z
7060,82901,Food,True,2021-09-11T03:58:32.493Z
7061,97252,Friends,False,2021-09-12T14:13:04.528Z
7062,29601,Kids,False,2021-09-14T17:29:03.431Z
7063,54351,Holidays,True,2021-09-16T09:35:08.783Z
7064,54351,Hiking,True,2021-09-17T17:44:13.933Z
7065,19032,Holidays,True,2021-09-18T15:17:39.743Z
7066,46823,Family,False,2021-09-19T15:37:14.859Z
7067,99614,Road trip,False,2021-09-20T11:43:15.092Z
7068,13199,Food,True,2021-09-22T05:18:22.234Z
7069,28212,Road trip,True,2021-09-22T06:05:10.917Z
7070,96837,Friends,False,2021-09-22T10:19:16.232Z
7071,81393,Summer 2021,False,2021-09-24T06:49:49.133Z
7072,37216,Friends,False,2021-09-25T00:06:54.622Z
7073,80545,Pets,False,2021-09-27T20:56:40.386Z
7074,33640,Friends,False,2021-09-27T22:27:14.909Z
7075,87277,Summer 2021,True,2021-09-28T06:54:52.404Z
7076,54351,Concerts,False,2021-09-28T23:35:24.405Z
7077,73833,Hiking,False,2021-09-29T07:56:39.693Z
7078,75801,Garden,False,2021-09-29T14:56:34.413Z
7079,23883,Friends,True,2021-09-29T18:47:58.524Z
7080,34902,Kids,True,2021-09-30T10:07:41.836Z
7081,24290,Summer 2021,True,2021-10-01T11:40:32.745Z
7082,25285,Food,False,2021-10-01T16:07:16.920Z
7083,33221,Hiking,True,2021-10-01T19:42:33.654Z
7084,54351,Pets,False,2021-10-01T22:57:05.074Z
7085,18849,Concerts,False,2021-10-03T03:48:28.676Z
7086,93983,Vacation,False,2021-10-03T05:59:30.338Z
7087,58944,Hiking,True,2021-10-03T10:40:05.354Z
7088,93983,Holidays,True,2021-10-03T14:50:49.317Z
7089,80297,Fall colors,False,2021-10-03T16:01:23.758Z
7090,15775,Garden,False,2021-10-04T02:08:52.858Z
7091,76728,Summer 2021,False,2021-10-04T15:48:53.339Z
7092,60999,Holidays,False,2021-10-04T22:42:59.921Z
7093,54674,Friends,True,2021-10-06T08:21:46.413Z
7094,72568,Concerts,False,2021-10-06T14:48:40.491Z
7095,32697,Food,True,2021-10-06T15:12:54.879Z
7096,74979,Kids,True,2021-10-07T11:25:12.857Z
7097,22060,Fall colors,False,2021-10-07T12:18:47.774Z
7098,73833,Holidays,False,2021-10-07T21:27:59.130Z
7099,81064,Food,True,2021-10-08T05:07:13.049Z
7100,54351,Kids,False,2021-10-08T11:24:19.410Z
7101,19205,Pets,False,2021-10-08T12:26:30.191Z
7102,41704,Kids,True,2021-10-09T10:47:32.291Z
7103,97252,Family,False,2021-10-09T21:52:30.327Z
7104,95261,Kids,False,2021-10-11T17:55:08.163Z
7105,94828,Fall colors,True,2021-10-12T00:07:59.369Z
7106,64959,Best of 2021,True,2021-10-12T06:57:30.388Z
7107,72436,Hiking,True,2021-10-13T16:56:00.026Z
7108,32631,Kids,True,2021-10-14T13:27:38.332Z
7109,54875,Hiking,False,2021-10-14T15:37:05.374Z
7110,94953,Concerts,True,2021-10-14T20:26:28.468Z
7111,86966,Hiking,True,2021-10-14T23:37:00.222Z
7112,97006,Summer 2021,True,2021-10-15T08:01:41.301Z
7113,54351,Concerts,True,2021-10-15T14:19:53.850Z
7114,71879,Family,False,2021-10-15T21:27:12.990Z
7115,84106,Friends,False,2021-10-16T22:12:21.377Z
7116,54351,Concerts,False,2021-10-17T10:01:54.322Z
7117,54351,Vacation,True,2021-10-17T13:16:36.693Z
7118,69390,Best of 2021,False,2021-10-17T18:11:22.630Z
7119,54923,Best of 2021,False,2021-10-18T01:41:30.984Z
7120,80520,Summer 2021,True,2021-10-18T13:48:52.166Z
7121,67035,Pets,False,2021-10-18T22:05:15.989Z
7122,29483,Best of 2021,True,2021-10-18T22:54:14.849Z
7123,49182,Fall colors,True,2021-10-19T00:44:11.217Z
7124,49182,Wedding,False,2021-10-19T11:40:46.877Z
7125,54923,Concerts,False,2021-10-19T16:57:30.984Z
7126,74311,Best of 2021,False,2021-10-19T22:41:56.254Z
7127,45806,Summer 2021,False,2021-10-24T06:22:19.663Z
7128,81064,Holidays,False,2021-10-24T23:39:29.990Z
7129,34285,Vacation,False,2021-10-25T19:58:29.197Z
7130,72513,Road trip,False,2021-10-26T04:49:32.119Z
7131,97532,Pets,False,2021-10-27T10:28:33.278Z
7132,32499,Summer 2021,False,2021-10-27T10:38:55.825Z
7133,13199,Friends,False,2021-10-28T06:48:03.416Z
7134,36861,Vacation,False,2021-10-30T11:06:05.160Z
7135,47408,Food,True,2021-10-30T19:00:56.621Z
7136,54351,Friends,True,2021-10-30T20:10:03.029Z
7137,36861,Hiking,False,2021-10-31T02:42:27.307Z
7138,76755,Hiking,False,2021-10-31T23:53:30.494Z
7139,32805,Summer 2021,True,2021-11-01T02:29:27.477Z
7140,80520,Kids,False,2021-11-01T09:30:03.993Z
7141,76755,Wedding,False,2021-11-01T10:36:55.494Z
7142,32805,Holidays,False,2021-11-01T10:53:30.529Z
7143,30682,Food,False,2021-11-01T21:35:34.720Z
7144,62202,Garden,False,2021-11-02T02:48:23.760Z
7145,52008,Hiking,True,2021-11-02T04:23:20.801Z
7146,68271,Hiking,False,2021-11-02T08:54:56.875Z
7147,94828,Garden,True,2021-11-02T10:42:45.629Z
7148,62202,Family,True,2021-11-02T19:29:15.869Z
7149,34757,Garden,False,2021-11-04T19:54:05.831Z
7150,64289,Summer 2021,False,2021-11-05T00:45:41.628Z
7151,61131,Family,False,2021-11-06T09:26:33.105Z
7152,28926,Road trip,False,2021-11-06T19:01:19.220Z
7153,79541,Holidays,False,2021-11-07T10:05:04.672Z
7154,60086,Friends,False,2021-11-07T21:13:14.561Z
7155,74761,Food,False,2021-11-08T03:14:35.499Z
7156,37871,Best of 2021,True,2021-11-09T09:15:55.143Z
7157,58582,Best of 2021,False,2021-11-13T09:15:35.867Z
7158,51457,Best of 2021,False,2021-11-13T17:16:06.588Z
7159,54351,Food,True,2021-11-14T12:03:37.643Z
7160,58944,Hiking,True,2021-11-15T00:11:49.681Z
7161,64959,Concerts,False,2021-11-16T11:03:13.135Z
7162,77685,Summer 2021,True,2021-11-17T22:57:48.264Z
7163,23513,Food,False,2021-11-18T05:48:37.461Z
7164,54351,Hiking,True,2021-11-19T08:00:19.557Z
7165,94828,Pets,False,2021-11-21T14:26:37.569Z
7166,50328,Wedding,True,2021-11-21T15:31:36.836Z
7167,50328,Road trip,False,2021-11-21T17:33:36.836Z
7168,81064,Summer 2021,False,2021-11-22T04:01:32.347Z
7169,22060,Holidays,False,2021-11-22T05:22:59.729Z
7170,27348,Best of 2021,False,2021-11-22T05:35:12.686Z
7171,97252,Holidays,False,2021-11-22T19:37:34.545Z
7172,25782,Fall colors,False,2021-11-22T21:17:40.885Z
7173,33640,Road trip,False,2021-11-23T10:24:37.717Z
7174,17343,Vacation,False,2021-11-24T04:51:53.820Z
7175,92880,Fall colors,True,2021-11-25T07:50:14.477Z
7176,92880,Holidays,True,2021-11-25T12:39:23.079Z
7177,69460,Best of 2021,False,2021-11-26T09:13:02.267Z
7178,84106,Road trip,False,2021-11-26T17:16:34.279Z
7179,21154,Fall colors,False,2021-11-27T02:30:01.859Z
7180,69460,Fall colors,False,2021-11-27T06:36:02.267Z
7181,24290,Best of 2021,True,2021-11-27T11:00:26.820Z
7182,51948,Garden,True,2021-11-27T15:27:17.981Z
7183,27296,Holidays,False,2021-11-27T19:20:59.657Z
7184,94892,Kids,True,2021-11-28T03:30:36.311Z
7185,20324,Concerts,False,2021-11-28T23:45:06.086Z
7186,73885,Vacation,False,2021-11-30T09:17:28.900Z
7187,72634,Friends,False,2021-12-02T06:06:16.662Z
7188,71690,Kids,False,2021-12-02T16:14:11.878Z
7189,91226,Hiking,False,2021-12-03T00:16:00.252Z
7190,91226,Family,True,2021-12-03T21:10:00.252Z
7191,79931,Kids,False,2021-12-04T17:34:36.921Z
7192,88227,Wedding,False,2021-12-05T03:30:25.903Z
7193,49214,Vacation,False,2021-12-05T22:31:31.972Z
7194,49214,Concerts,False,2021-12-05T23:13:35.318Z
7195,74979,Family,True,2021-12-06T08:50:06.302Z
7196,83244,Food,True,2021-12-06T21:25:15.430Z
7197,54351,Friends,True,2021-12-07T00:01:38.912Z
7198,48204,Hiking,False,2021-12-07T00:42:28.210Z
7199,22127,Holidays,False,2021-12-07T06:37:21.291Z
7200,97532,Wedding,False,2021-12-07T06:41:31.839Z
7201,97532,Road trip,False,2021-12-07T08:02:37.592Z
7202,74979,Family,False,2021-12-07T11:05:08.375Z
7203,97532,Kids,True,2021-12-07T21:01:22.082Z
7204,36832,Holidays,True,2021-12-08T03:01:07.285Z
7205,22127,Food,True,2021-12-08T03:57:21.291Z
7206,52427,Fall colors,False,2021-12-08T13:03:53.221Z
7207,70449,Best of 2021,False,2021-12-09T07:50:44.985Z
7208,71048,Summer 2021,True,2021-12-09T13:07:56.586Z
7209,61264,Garden,False,2021-12-10T01:06:05.234Z
7210,94828,Road trip,True,2021-12-11T15:24:31.200Z
7211,30015,Vacation,False,2021-12-12T09:49:46.134Z
7212,25869,Hiking,False,2021-12-12T15:16:32.957Z
7213,25869,Pets,False,2021-12-13T04:01:27.866Z
7214,13164,Food,False,2021-12-13T11:51:57.519Z
7215,99332,Vacation,False,2021-12-13T13:25:36.517Z
7216,71879,Road trip,False,2021-12-13T17:48:29.704Z
7217,36151,Family,False,2021-12-14T20:59:47.089Z
7218,19205,Concerts,True,2021-12-14T21:03:18.594Z
7219,76728,Fall colors,True,2021-12-15T00:11:12.984Z
7220,26955,Summer 2021,False,2021-12-15T04:08:18.310Z
7221,92820,Concerts,False,2021-12-15T14:33:25.471Z
7222,69579,Kids,False,2021-12-16T11:40:37.821Z
7223,88297,Concerts,False,2021-12-17T21:44:34.417Z
7224,81101,Vacation,False,2021-12-18T10:23:10.521Z
7225,41388,Vacation,True,2021-12-18T11:08:28.442Z
7226,87236,Friends,False,2021-12-18T11:36:20.586Z
7227,87236,Wedding,False,2021-12-18T12:20:34.887Z
7228,81101,Concerts,False,2021-12-18T15:42:10.521Z
7229,15778,Wedding,False,2021-12-19T02:15:20.242Z
7230,91877,Best of 2021,False,2021-12-19T07:03:45.625Z
7231,57951,Friends,True,2021-12-19T12:11:22.144Z
7232,91877,Hiking,False,2021-12-19T12:23:07.212Z
7233,52236,Summer 2021,False,2021-12-19T15:27:11.090Z
7234,71697,Vacation,False,2021-12-19T16:31:21.643Z
7235,69579,Holidays,False,2021-12-19T17:15:14.380Z
7236,92132,Road trip,False,2021-12-19T19:37:25.872Z
7237,72634,Vacation,False,2021-12-19T23:51:34.046Z
7238,91877,Wedding,True,2021-12-20T00:05:45.625Z
7239,86814,Holidays,False,2021-12-20T01:54:00.812Z
7240,91368,Kids,True,2021-12-20T17:16:49.042Z
7241,76728,Pets,True,2021-12-20T17:59:33.012Z
7242,58944,Concerts,False,2021-12-22T01:58:19.425Z
7243,23498,Fall colors,False,2021-12-22T06:54:40.389Z
7244,52750,Kids,False,2021-12-22T12:42:51.385Z
7245,16954,Holidays,False,2021-12-22T20:17:09.405Z
7246,75446,Food,True,2021-12-22T21:55:45.217Z
7247,86991,Vacation,False,2021-12-23T01:06:39.068Z
7248,64959,Concerts,True,2021-12-23T07:25:25.286Z
7249,52750,Vacation,False,2021-12-23T16:46:51.385Z
7250,68271,Vacation,False,2021-12-24T02:54:52.440Z
7251,68271,Hiking,False,2021-12-24T11:30:52.440Z
7252,32697,Road trip,True,2021-12-24T13:44:22.527Z
7253,17338,Fall colors,True,2021-12-25T04:50:04.067Z
7254,17338,Road trip,True,2021-12-25T11:05:06.898Z
7255,16128,Summer 2021,False,2021-12-25T12:24:26.353Z
7256,51948,Hiking,False,2021-12-25T19:25:24.327Z
7257,55362,Summer 2021,False,2021-12-26T00:11:58.664Z
7258,43726,Friends,False,2021-12-26T00:14:38.043Z
7259,16128,Vacation,True,2021-12-26T03:27:13.650Z
7260,43726,Holidays,False,2021-12-26T03:45:38.043Z
7261,17338,Concerts,False,2021-12-26T06:10:04.067Z
7262,20915,Fall colors,True,2021-12-26T08:07:34.322Z
7263,23073,Vacation,True,2021-12-26T08:40:15.604Z
7264,35382,Vacation,False,2021-12-26T10:27:18.851Z
7265,79872,Family,False,2021-12-26T14:25:23.785Z
7266,89000,Food,True,2021-12-26T16:17:21.677Z
7267,26861,Wedding,False,2021-12-26T18:49:53.168Z
7268,94892,Summer 2021,False,2021-12-26T19:10:54.332Z
7269,27895,Summer 2021,True,2021-12-26T22:28:45.594Z
7270,23513,Holidays,False,2021-12-27T07:28:39.813Z
7271,26861,Vacation,False,2021-12-27T13:05:53.168Z
7272,71399,Friends,True,2021-12-27T13:30:53.026Z
7273,95635,Summer 2021,False,2021-12-27T14:38:22.216Z
7274,43017,Fall colors,True,2021-12-27T18:06:15.464Z
7275,98277,Friends,False,2021-12-27T18:12:25.599Z
7276,16635,Garden,False,2021-12-27T18:59:26.604Z
7277,34306,Wedding,False,2021-12-27T20:55:18.491Z
7278,96837,Fall colors,False,2021-12-28T04:17:24.997Z
7279,94070,Best of 2021,False,2021-12-28T04:38:38.228Z
7280,46704,Fall colors,False,2021-12-28T09:27:35.533Z
7281,80069,Fall colors,False,2021-12-28T16:05:19.993Z
7282,81178,Road trip,True,2021-12-28T19:37:00.234Z
7283,47619,Food,False,2021-12-28T20:29:34.989Z
7284,47619,Kids,False,2021-12-29T01:43:45.050Z
7285,80297,Friends,False,2021-12-29T03:06:23.499Z
7286,39080,Hiking,False,2021-12-29T05:44:39.957Z
7287,10636,Kids,False,2021-12-29T09:38:19.020Z
7288,39080,Fall colors,False,2021-12-29T09:43:39.957Z
7289,96975,Fall colors,False,2021-12-30T01:35:03.484Z
7290,47408,Garden,False,2021-12-30T10:49:54.702Z
7291,64457,Hiking,True,2021-12-30T18:01:35.573Z
7292,21276,Fall colors,True,2021-12-31T02:42:17.415Z
7293,70449,Concerts,False,2022-01-01T02:51:38.609Z
7294,68422,Pets,False,2022-01-01T03:56:14.640Z
7295,11816,Food,False,2022-01-01T12:01:31.145Z
7296,97602,Concerts,True,2022-01-01T17:10:46.770Z
7297,54430,Hiking,True,2022-01-01T21:48:42.101Z
7298,70449,Summer 2021,False,2022-01-02T14:28:20.769Z
7299,89628,Family,True,2022-01-02T15:12:53.850Z
7300,54430,Vacation,False,2022-01-03T01:47:42.101Z
7301,49214,Best of 2021,False,2022-01-03T03:22:41.736Z
