camera_id,manufacturer,print_name
663,Google,Google Pixel 5
671,Google,Google Pixel 6
1844,Motorola,Motorola MotoG3
1901,Motorola,Motorola Edge 20
2210,Samsung,Samsung Galaxy S21
2214,Samsung,Samsung Galaxy A52
2231,Samsung,Samsung Galaxy S20
3302,OnePlus,OnePlus 9
3515,Xiaomi,Xiaomi Mi 11
4101,Apple,Apple iPhone 11
4102,Apple,Apple iPhone 12
4103,Apple,Apple iPhone 12 Pro
4104,Apple,Apple iPhone 13
4105,Apple,Apple iPhone SE
5020,Canon,Canon EOS R6
5031,Canon,Canon EOS 90D
6110,Sony,Sony ILCE-7M3
6124,Sony,Sony DSC-RX100M7
7002,Nikon,Nikon Z 6II
8015,Fujifilm,Fujifilm X-T4
