user_id,phone_id,pro_camera_id,os,app_version,uses_heic
54351,663,8015,android,5.2.0,False
13221,1844,0,android,5.2.0,False
52513,4102,0,ios,7.4.1,True
68271,663,8015,android,5.2.0,False
36832,2210,0,android,5.2.0,False
27296,4102,0,ios,7.4.1,True
79541,1901,6110,android,5.2.0,False
24290,4102,0,ios,7.4.1,False
17050,2214,0,android,5.2.0,False
62202,4104,0,ios,7.4.1,True
70905,1901,5020,android,5.2.0,False
78587,671,0,android,5.2.0,False
42483,4105,0,ios,7.4.1,False
96454,4101,0,ios,7.4.1,True
22060,3515,0,android,5.2.0,False
21818,3515,0,android,5.2.0,False
60999,2210,0,android,5.2.0,False
26083,4101,5031,ios,7.4.1,True
92115,4101,5031,ios,7.4.1,True
74461,2214,5020,android,5.2.0,False
64506,2214,0,android,5.2.0,False
74828,2214,0,android,5.2.0,False
79872,3515,0,android,5.2.0,False
80069,2210,0,android,5.2.0,False
19743,2210,0,android,5.2.0,False
71879,4103,0,ios,7.4.1,True
39308,4102,0,ios,7.4.1,True
29956,671,0,android,5.2.0,False
46338,671,0,android,5.2.0,False
25869,671,5020,android,5.2.0,False
74311,663,0,android,5.2.0,False
96975,663,0,android,5.2.0,False
13164,2210,0,android,5.2.0,False
56862,4104,0,ios,7.4.1,True
33531,663,0,android,5.2.0,False
63877,4102,0,ios,7.4.1,True
92529,2214,0,android,5.2.0,False
90415,663,0,android,5.2.0,False
39080,3515,6124,android,5.2.0,False
10920,4101,6110,ios,7.4.1,True
98849,4101,0,ios,7.4.1,True
22127,3515,0,android,5.2.0,False
50703,2210,0,android,5.2.0,False
41844,4105,0,ios,7.4.1,True
71690,3515,0,android,5.2.0,False
20531,4103,0,ios,7.4.1,False
93231,3515,0,android,5.2.0,False
94927,4104,0,ios,7.4.1,True
78552,4102,0,ios,7.4.1,True
87277,671,0,android,5.2.0,False
53624,4103,0,ios,7.4.1,True
65378,4105,0,ios,7.4.1,True
41704,4101,0,ios,7.4.1,True
61192,1901,0,android,5.2.0,False
69460,4101,0,ios,7.4.1,True
99331,4102,0,ios,7.4.1,True
99332,663,0,android,5.2.0,False
49624,4105,0,ios,7.4.1,True
81064,671,0,android,5.2.0,False
10247,1901,0,android,5.2.0,False
88297,671,0,android,5.2.0,False
37871,663,0,android,5.2.0,False
36338,663,0,android,5.2.0,False
94953,3302,0,android,5.2.0,False
71399,4104,0,ios,7.4.1,True
25285,671,0,android,5.2.0,False
93983,2210,0,android,5.2.0,False
83560,4104,6124,ios,7.4.1,True
84522,4104,0,ios,7.4.1,True
54674,4102,0,ios,7.4.1,True
55362,1901,0,android,5.2.0,False
91877,4101,0,ios,7.4.1,True
36755,4102,5020,ios,7.4.1,False
75801,1901,0,android,5.2.0,False
79721,2210,0,android,5.2.0,False
82243,663,0,android,5.2.0,False
91368,4101,0,ios,7.4.1,True
38554,3302,0,android,5.2.0,False
76523,4101,0,ios,7.4.1,True
95261,4103,0,ios,7.4.1,True
58582,4105,6124,ios,7.4.1,True
76444,4105,0,ios,7.4.1,True
32805,2231,0,android,5.2.0,False
94703,4104,7002,ios,7.4.1,True
49182,4101,0,ios,7.4.1,False
65283,2231,0,android,5.2.0,False
80297,4102,6110,ios,7.4.1,True
81101,4102,6110,ios,7.4.1,True
97006,2210,0,android,5.2.0,False
33221,4102,0,ios,7.4.1,True
64128,4102,0,ios,7.4.1,True
86966,2210,0,android,5.2.0,False
16635,4103,0,ios,7.4.1,True
20324,4102,0,ios,7.4.1,True
19205,4102,0,ios,7.4.1,True
23513,2210,0,android,5.2.0,False
25272,4101,0,ios,7.4.1,False
89628,3515,0,android,5.2.0,False
81467,2210,5031,android,5.2.0,False
73885,4101,0,ios,7.4.1,True
32982,1844,6124,android,5.2.0,False
49106,663,0,android,5.2.0,False
16402,4103,0,ios,7.4.1,False
74979,2210,7002,android,5.2.0,False
92132,4102,0,ios,7.4.1,True
34757,4103,0,ios,7.4.1,True
53663,671,0,android,5.2.0,False
60132,4101,0,ios,7.4.1,True
27932,4101,0,ios,7.4.1,True
21154,4102,0,ios,7.4.1,True
77548,2214,0,android,5.2.0,False
94070,663,0,android,5.2.0,False
81178,4101,0,ios,7.4.1,True
89000,4104,0,ios,7.4.1,False
15148,4104,0,ios,7.4.1,False
68832,2231,0,android,5.2.0,False
55815,4105,0,ios,7.4.1,True
77540,4101,0,ios,7.4.1,True
80520,4105,0,ios,7.4.1,True
80545,4101,0,ios,7.4.1,False
41519,4104,0,ios,7.4.1,True
17343,2214,0,android,5.2.0,False
39792,3302,0,android,5.2.0,False
57951,3515,0,android,5.2.0,False
16128,671,0,android,5.2.0,False
66709,2231,0,android,5.2.0,False
58944,671,0,android,5.2.0,False
84106,4102,0,ios,7.4.1,True
43017,2214,0,android,5.2.0,False
24340,4102,8015,ios,7.4.1,True
47408,2214,0,android,5.2.0,False
60619,2210,0,android,5.2.0,False
88685,4104,7002,ios,7.4.1,True
95635,4102,0,ios,7.4.1,True
92820,1901,5020,android,5.2.0,False
34902,3515,0,android,5.2.0,False
83244,4102,0,ios,7.4.1,True
53305,2214,0,android,5.2.0,False
61131,2210,0,android,5.2.0,False
27895,4104,0,ios,7.4.1,True
37216,671,0,android,5.2.0,False
61264,2210,0,android,5.2.0,False
10592,4101,0,ios,7.4.1,True
11816,2231,0,android,5.2.0,False
52750,1901,0,android,5.2.0,False
94701,2214,0,android,5.2.0,False
90124,1844,0,android,5.2.0,False
69390,4103,0,ios,7.4.1,True
34306,663,0,android,5.2.0,False
25782,2210,0,android,5.2.0,False
36151,2210,0,android,5.2.0,False
49817,4103,0,ios,7.4.1,False
54923,4105,0,ios,7.4.1,True
70148,2210,0,android,5.2.0,False
62557,1844,0,android,5.2.0,False
82901,4104,0,ios,7.4.1,False
19032,4104,0,ios,7.4.1,True
17561,2210,0,android,5.2.0,False
72168,1901,0,android,5.2.0,False
89898,4102,6110,ios,7.4.1,True
72634,4104,0,ios,7.4.1,True
55416,663,6124,android,5.2.0,False
81600,663,0,android,5.2.0,False
23498,4102,0,ios,7.4.1,True
10253,2214,0,android,5.2.0,False
25148,2210,0,android,5.2.0,False
72474,4102,0,ios,7.4.1,True
91226,4105,0,ios,7.4.1,True
64457,4105,0,ios,7.4.1,True
33640,2210,0,android,5.2.0,False
28212,4103,0,ios,7.4.1,True
79913,671,7002,android,5.2.0,False
51948,4101,0,ios,7.4.1,True
86991,663,0,android,5.2.0,False
31031,663,0,android,5.2.0,False
67035,3302,0,android,5.2.0,False
90674,4101,0,ios,7.4.1,True
81393,2214,0,android,5.2.0,False
32039,2210,0,android,5.2.0,False
69579,2210,0,android,5.2.0,False
15033,2214,0,android,5.2.0,False
31628,2231,0,android,5.2.0,False
71048,4105,0,ios,7.4.1,True
83270,4102,0,ios,7.4.1,False
18849,2210,0,android,5.2.0,False
26983,4101,0,ios,7.4.1,True
71773,2210,0,android,5.2.0,False
97532,4105,0,ios,7.4.1,True
32631,671,0,android,5.2.0,False
58139,2231,0,android,5.2.0,False
64289,1901,0,android,5.2.0,False
75154,2210,0,android,5.2.0,False
27348,4102,0,ios,7.4.1,True
23073,663,0,android,5.2.0,False
87236,4104,0,ios,7.4.1,True
23883,3515,0,android,5.2.0,False
26861,4101,0,ios,7.4.1,False
72513,4104,6124,ios,7.4.1,False
74761,3302,0,android,5.2.0,False
27002,4102,0,ios,7.4.1,True
72436,4103,0,ios,7.4.1,True
41500,2214,5031,android,5.2.0,False
60086,4103,7002,ios,7.4.1,False
15554,4104,0,ios,7.4.1,False
58137,4102,0,ios,7.4.1,True
29601,3515,0,android,5.2.0,False
81529,663,0,android,5.2.0,False
14347,2214,0,android,5.2.0,False
76728,2210,0,android,5.2.0,False
50328,4103,0,ios,7.4.1,True
19587,2231,0,android,5.2.0,False
35382,1844,6110,android,5.2.0,False
79931,4103,5031,ios,7.4.1,False
52427,671,0,android,5.2.0,False
94828,2210,0,android,5.2.0,False
29483,2214,0,android,5.2.0,False
88227,4102,0,ios,7.4.1,True
51982,4101,7002,ios,7.4.1,False
49214,4101,0,ios,7.4.1,True
86814,2231,0,android,5.2.0,False
48055,4105,0,ios,7.4.1,False
51457,671,7002,android,5.2.0,False
32499,4102,0,ios,7.4.1,True
89314,663,0,android,5.2.0,False
70172,671,0,android,5.2.0,False
48204,1901,0,android,5.2.0,False
71261,4105,0,ios,7.4.1,True
55945,663,0,android,5.2.0,False
99614,4103,0,ios,7.4.1,True
80451,671,0,android,5.2.0,False
46823,4103,0,ios,7.4.1,False
44858,4104,0,ios,7.4.1,True
21276,4104,0,ios,7.4.1,True
30015,2214,0,android,5.2.0,False
83886,4102,0,ios,7.4.1,True
34285,1901,0,android,5.2.0,False
71067,2210,0,android,5.2.0,False
36501,4103,0,ios,7.4.1,True
88979,4105,0,ios,7.4.1,True
96099,671,0,android,5.2.0,False
77685,4102,0,ios,7.4.1,True
52093,4103,0,ios,7.4.1,True
29692,4102,0,ios,7.4.1,True
54430,4103,0,ios,7.4.1,True
45806,2214,0,android,5.2.0,False
81433,2214,0,android,5.2.0,False
85191,3302,0,android,5.2.0,False
10636,4102,0,ios,7.4.1,True
43726,2214,0,android,5.2.0,False
15778,2214,0,android,5.2.0,False
21830,2231,0,android,5.2.0,False
20378,4104,5020,ios,7.4.1,True
92818,1901,0,android,5.2.0,False
52008,1901,0,android,5.2.0,False
94892,4102,0,ios,7.4.1,True
38339,2214,0,android,5.2.0,False
86127,3515,0,android,5.2.0,False
96837,4102,0,ios,7.4.1,False
51140,4104,0,ios,7.4.1,False
98277,4105,0,ios,7.4.1,True
71697,4105,0,ios,7.4.1,True
92880,4102,0,ios,7.4.1,True
41388,4101,0,ios,7.4.1,True
15775,4102,0,ios,7.4.1,True
22142,4104,0,ios,7.4.1,True
97279,3515,0,android,5.2.0,False
95045,2214,0,android,5.2.0,False
70449,663,0,android,5.2.0,False
30682,3302,0,android,5.2.0,False
18142,2231,7002,android,5.2.0,False
81921,663,0,android,5.2.0,False
32697,4101,0,ios,7.4.1,False
63901,4105,6124,ios,7.4.1,True
47619,4105,0,ios,7.4.1,True
26955,3302,0,android,5.2.0,False
54875,2231,6124,android,5.2.0,False
20915,4102,0,ios,7.4.1,True
97252,4102,0,ios,7.4.1,True
64959,4104,0,ios,7.4.1,True
16954,4105,0,ios,7.4.1,True
73833,4104,0,ios,7.4.1,True
36861,4103,0,ios,7.4.1,False
33145,2210,0,android,5.2.0,False
40781,671,6124,android,5.2.0,False
95365,4104,0,ios,7.4.1,True
72568,4104,0,ios,7.4.1,True
46704,2231,0,android,5.2.0,False
46630,2214,0,android,5.2.0,False
52236,4104,0,ios,7.4.1,True
28926,4102,0,ios,7.4.1,True
75446,4101,0,ios,7.4.1,True
68422,4102,0,ios,7.4.1,True
46436,4102,0,ios,7.4.1,False
13199,4102,5020,ios,7.4.1,True
17338,4103,0,ios,7.4.1,True
27689,4101,0,ios,7.4.1,True
97602,4101,0,ios,7.4.1,True
76755,2214,0,android,5.2.0,False
23834,663,0,android,5.2.0,False
28074,663,6110,android,5.2.0,False
