photo_id,user_id,path,upload_date,size,camera_id,camera_setting,format,title,objects,people
133422102,54351,/st/u65/X1MvlR0WNS.jpg,2021-12-03T00:00:18.784Z,4.3,663,ƒ/1.8; 1/1000; 4.44mm; ISO648,jpg,First day of school,bird;sky,
133422103,54351,/st/xef1/LlBpEwqCsW.jpg,2021-12-03T00:04:19.436Z,6.5,8015,ƒ/2; 1/120; 35.00mm; ISO50,jpg,,tree;person,
133422104,46823,/st/u74c/6JK5uQ4Mfr.jpg,2021-12-03T00:07:54.846Z,2.4,4103,ƒ/1.6; 1/4000; 4.20mm; ISO89,jpg,,person;snow;dog,22127
133422105,46823,/st/ua78/V8VtPzKzG3.jpg,2021-12-03T00:12:56.935Z,4.8,4103,ƒ/1.6; 1/1000; 4.20mm; ISO267,jpg,,person;car;christmas tree;beach,22127;17050
133422106,46823,/st/uc4a/F8Fu7yYQzf.jpg,2021-12-03T00:13:20.456Z,4.3,4103,ƒ/1.6; 1/120; 4.20mm; ISO84,jpg,Halloween,person;snow,17050
133422107,54351,/st/y88a/Xl3h2tJJdc.jpg,2021-12-03T00:47:51.061Z,5.5,663,ƒ/1.8; 1/120; 4.44mm; ISO177,jpg,,beach,
133422108,84522,/st/u1e5/4LkK5X0aYE.jpg,2021-12-03T00:57:14.032Z,3.4,4104,ƒ/1.6; 1/1000; 5.10mm; ISO1004,jpg,,tree,
133422109,84522,/st/ybfb/MWe1gHsWMn.jpg,2021-12-03T01:28:46.640Z,6.6,4104,ƒ/1.6; 1/60; 5.10mm; ISO336,jpg,,snow,
133422110,84522,/st/ya6f/2ygdhb4nzK.heic,2021-12-03T01:31:03.161Z,3.0,4104,ƒ/1.6; 1/2000; 5.10mm; ISO709,heic,,lake,
133422111,76728,/st/u174/Q96vmZEH0f.jpg,2021-12-03T02:10:33.611Z,2.9,2210,ƒ/1.8; 1/120; 5.40mm; ISO426,jpg,,beach,
133422112,76728,/st/ub4a/PDTBPvk4Ba.jpg,2021-12-03T02:13:05.517Z,4.5,2210,ƒ/1.8; 1/120; 5.40mm; ISO244,jpg,,bicycle;cat;food,
133422113,94703,/st/u525/x4vJ7vLyYF.jpg,2021-12-03T02:20:44.144Z,2.6,4104,ƒ/1.6; 1/15; 5.10mm; ISO137,jpg,,building,
133422114,94703,/st/y3e0/CQHI1bWrpB.heic,2021-12-03T02:22:59.316Z,2.6,4104,ƒ/1.6; 1/30; 5.10mm; ISO165,heic,,person;tree;food,52750;94828
133422115,94703,/st/x6c0/pVwYzG6pkc.heic,2021-12-03T02:23:46.237Z,2.1,4104,ƒ/1.6; 1/2000; 5.10mm; ISO99,heic,,christmas tree;tree;person,
133422116,94703,/st/x460/14pVgp8Dfd.heic,2021-12-03T02:24:33.588Z,2.0,4104,ƒ/1.6; 1/15; 5.10mm; ISO147,heic,Dinner,bird,
133422117,94703,/st/z417/5rCTBYx15K.heic,2021-12-03T02:24:52.733Z,2.3,4104,ƒ/1.6; 1/15; 5.10mm; ISO342,heic,,sky;mountain,
133422118,94703,/st/zaef/YkRgY9PcNh.jpg,2021-12-03T02:25:41.659Z,14.9,7002,ƒ/8; 1/30; 105.00mm; ISO208,jpg,,building;dog,
133422119,28926,/st/ub25/n65ERzgAkp.jpg,2021-12-03T03:41:21.560Z,2.5,4102,ƒ/1.6; 1/1000; 4.20mm; ISO87,jpg,,cake;person;mountain,
133422120,79721,/st/u66d/aAikdrfbJp.jpg,2021-12-03T04:34:49.255Z,5.4,2210,ƒ/1.8; 1/120; 5.40mm; ISO543,jpg,,person;flower;christmas tree;building,25285;19032
133422121,79721,/st/x775/vamPqiXgmX.jpg,2021-12-03T04:37:23.852Z,3.0,2210,ƒ/1.8; 1/250; 5.40mm; ISO179,jpg,,leaves;christmas tree,
133422122,79721,/st/z86/7jcJ4wVPiB.jpg,2021-12-03T04:37:38.157Z,4.8,2210,ƒ/1.8; 1/30; 5.40mm; ISO621,jpg,,person;car;beach;tree,72568
133422123,94703,/st/y156/oSRKUpXwGv.jpg,2021-12-03T04:52:49.618Z,7.9,7002,ƒ/4; 1/500; 200.00mm; ISO212,jpg,,mountain,
133422124,64457,/st/zabe/sCYSPlfsrJ.heic,2021-12-03T04:59:35.726Z,1.2,4105,ƒ/1.8; 1/60; 3.99mm; ISO607,heic,,food;christmas tree;person,96837;54674;71690
133422125,64457,/st/zec8/2wBLc4PMY0.jpg,2021-12-03T05:03:07.652Z,2.2,4105,ƒ/1.8; 1/500; 3.99mm; ISO2064,jpg,,christmas tree;bicycle,
133422126,64457,/st/ub32/5isQw52BT1.heic,2021-12-03T05:03:35.025Z,2.1,4105,ƒ/1.8; 1/1000; 3.99mm; ISO290,heic,,beach;sunset,
133422127,64457,/st/u484/JXytPOQwpI.heic,2021-12-03T05:06:48.031Z,1.6,4105,ƒ/1.8; 1/1000; 3.99mm; ISO332,heic,,sky,
133422128,76755,/st/u388/Sl7osfy8jU.jpg,2021-12-03T05:59:53.643Z,5.4,2214,ƒ/1.8; 1/15; 5.20mm; ISO350,jpg,,person;christmas tree,89628
133422129,76755,/st/ybbe/HriuzSKB90.jpg,2021-12-03T05:59:57.972Z,2.9,2214,ƒ/1.8; 1/60; 5.20mm; ISO298,jpg,,person;flower;christmas tree;bird,
133422130,76755,/st/xe75/HN9ek4xQ1R.jpg,2021-12-03T09:13:42.278Z,4.7,2214,ƒ/1.8; 1/30; 5.20mm; ISO418,jpg,,mountain,
133422131,54351,/st/u211/1U6uFl47Fy.jpg,2021-12-03T09:18:32.124Z,5.7,663,ƒ/1.8; 1/120; 4.44mm; ISO271,jpg,,person;christmas tree,
133422132,13221,/st/u11b/MFxlL1FY8V.jpg,2021-12-03T09:18:32.129Z,3.1,1844,"ƒ/2, 1/15, 3.64mm, ISO1250",jpg,,snow;tree;christmas tree,
133422133,54351,/st/x81/ITzhcSmv9s.jpg,2021-12-03T09:18:32.131Z,4.8,663,ƒ/1.8; 1/120; 4.44mm; ISO48,jpg,,flower,
133422134,54351,/st/xd83/wHk2m12fc3.jpg,2021-12-03T11:24:33.971Z,4.2,663,ƒ/1.8; 1/60; 4.44mm; ISO106,jpg,,dog;sky;mountain;person,71048
133422135,54351,/st/xaba/11ylLymGUG.jpg,2021-12-03T11:25:45.829Z,14.3,8015,ƒ/5.6; 1/500; 200.00mm; ISO185,jpg,,beach,
133422136,54351,/st/yab3/j2d3yT609z.jpg,2021-12-03T11:31:06.599Z,6.6,663,ƒ/1.8; 1/120; 4.44mm; ISO575,jpg,Game night,sky;christmas tree;tree,
133422137,35382,/st/z84/6ic5DWIv1X.jpg,2021-12-03T14:00:20.238Z,4.8,1844,ƒ/2; 1/500; 3.64mm; ISO127,jpg,,person;building,46823;25869
133422138,35382,/st/u3c2/saHB5KA2VI.jpg,2021-12-03T14:03:38.254Z,14.5,6110,ƒ/4; 1/120; 50.00mm; ISO74,jpg,,cat,
133422139,42483,/st/u43e/8pclS2xgOd.jpg,2021-12-03T14:06:56.261Z,4.1,4105,ƒ/1.8; 1/250; 3.99mm; ISO81,jpg,,sky;food;christmas tree;bird,
133422140,42483,/st/ze1/ZnDvDdsQSw.jpg,2021-12-03T14:09:09.787Z,3.5,4105,ƒ/1.8; 1/1000; 3.99mm; ISO88,jpg,,cat;snow,
133422141,60999,/st/u2b0/XvEr0cu9Oz.jpg,2021-12-03T14:50:34.385Z,3.8,2210,ƒ/1.8; 1/15; 5.40mm; ISO54,jpg,,person;food,86966
133422142,55815,/st/u4e/5PHU6SxcNc.png,2021-12-03T15:02:38.957Z,0.9,,,png,,text,
133422143,55815,/st/x967/s8aUx262VS.jpg,2021-12-03T15:04:37.030Z,5.2,4105,ƒ/1.8; 1/30; 3.99mm; ISO168,jpg,,tree;christmas tree,
133422144,92115,/st/yda9/8JDKcm3ajY.heic,2021-12-03T15:29:21.791Z,2.2,4101,ƒ/1.8; 1/120; 4.25mm; ISO107,heic,,person;building,
133422145,92115,/st/uecd/cLYxTS8Qr3.heic,2021-12-03T15:29:50.228Z,2.6,4101,ƒ/1.8; 1/250; 4.25mm; ISO151,heic,,tree;sky,
133422146,92115,/st/x3e/3yyovkr6vW.heic,2021-12-03T15:30:35.572Z,3.2,4101,ƒ/1.8; 1/30; 4.25mm; ISO97,heic,,person;bicycle,71067
133422147,92115,/st/z2a0/IkppFvAv8G.heic,2021-12-03T15:31:49.964Z,1.2,4101,ƒ/1.8; 1/500; 4.25mm; ISO646,heic,,person;food;car;snow,36151;54674;79913
133422148,92115,/st/x60c/KZXTlYR6qW.jpg,2021-12-03T15:33:26.352Z,16.1,5031,ƒ/5.6; 1/30; 105.00mm; ISO155,jpg,,building;person;flower,79913;45806;36151
133422149,92115,/st/u9e6/NcbQzota4d.heic,2021-12-03T15:37:16.992Z,2.4,4101,ƒ/1.8; 1/500; 4.25mm; ISO76,heic,,tree,
133422150,92115,/st/y102/woSbIHqhLe.heic,2021-12-03T15:38:14.767Z,3.9,4101,ƒ/1.8; 1/120; 4.25mm; ISO433,heic,,christmas tree,
133422151,15148,/st/y619/jVLqG6i7TT.jpg,2021-12-03T17:26:43.569Z,2.7,4104,ƒ/1.6; 1/120; 5.10mm; ISO3908,jpg,,lake;person;leaves;snow,52750;81064
133422152,15148,/st/z52b/dEoew4k1Mf.jpg,2021-12-03T17:27:52.862Z,3.6,4104,ƒ/1.6; 1/120; 5.10mm; ISO301,jpg,,sky,
133422153,15148,/st/y475/posjbhOCE3.jpg,2021-12-03T17:28:11.317Z,5.7,4104,ƒ/1.6; 1/500; 5.10mm; ISO492,jpg,,snow,
133422154,15148,/st/zaf9/uE38dCKsuw.jpg,2021-12-03T17:32:00.831Z,2.0,4104,ƒ/1.6; 1/15; 5.10mm; ISO670,jpg,,tree,
133422155,15148,/st/uf6c/8QAHOx087c.jpg,2021-12-03T17:36:04.917Z,2.9,4104,ƒ/1.6; 1/4000; 5.10mm; ISO111,jpg,Wedding,person;tree,81064;52750;60619
133422156,41844,/st/xee6/oCZsbIuSao.heic,2021-12-03T17:54:30.542Z,1.3,4105,ƒ/1.8; 1/2000; 3.99mm; ISO157,heic,,sky,
133422157,41844,/st/z9b7/9uDyTN8ouo.heic,2021-12-03T17:54:54.939Z,4.0,4105,ƒ/1.8; 1/1000; 3.99mm; ISO272,heic,,person;cat;snow;car,58944;98849;97279
133422158,41844,/st/ue30/sslkpV6tUp.heic,2021-12-03T17:55:52.570Z,1.2,4105,ƒ/1.8; 1/15; 3.99mm; ISO425,heic,,person;sunset;food,80297;71067;15554
133422159,41844,/st/u35c/Pt7kIUmEYg.heic,2021-12-03T17:56:09.553Z,3.0,4105,ƒ/1.8; 1/4000; 3.99mm; ISO50,heic,,mountain;christmas tree;sky,
133422160,41844,/st/z969/uqu2UYvlGG.heic,2021-12-03T17:56:54.532Z,2.4,4105,ƒ/1.8; 1/1000; 3.99mm; ISO184,heic,,tree,
133422161,41844,/st/u8e7/csLDNlfYGa.heic,2021-12-03T17:57:56.798Z,1.8,4105,ƒ/1.8; 1/500; 3.99mm; ISO481,heic,Concert,bird,
133422162,41844,/st/uae7/EdcCeGsIFn.heic,2021-12-03T17:59:06.821Z,1.3,4105,ƒ/1.8; 1/120; 3.99mm; ISO325,heic,,mountain,
133422163,41844,/st/y9a7/m9r46PrNfr.heic,2021-12-03T18:02:27.881Z,3.5,4105,ƒ/1.8; 1/500; 3.99mm; ISO140,heic,,person;sky;christmas tree,46338;32631;71067
133422164,54351,/st/z7af/0YChZzMq9r.jpg,2021-12-03T18:07:16.358Z,3.4,663,ƒ/1.8; 1/4000; 4.44mm; ISO173,jpg,,sky,
133422165,54351,/st/x6c8/QkJYd7DI1o.jpg,2021-12-03T18:09:18.546Z,10.9,663,ƒ/1.8; 1/1000; 4.44mm; ISO284,jpg,,flower;snow;sunset;person,52513
133422166,32631,/st/y8c8/qvR8feOWft.jpg,2021-12-03T18:13:38.526Z,4.7,671,ƒ/1.85; 1/2000; 6.81mm; ISO141,jpg,,car;dog,
133422167,54351,/st/u352/8beU4DL2yl.jpg,2021-12-03T18:27:22.019Z,3.2,663,ƒ/1.8; 1/120; 4.44mm; ISO176,jpg,Beach day,person;tree;flower,64289
133422168,54351,/st/ue41/p66yI3UoIm.jpg,2021-12-03T18:29:06.545Z,13.4,8015,ƒ/2.8; 1/60; 200.00mm; ISO50,jpg,Birthday,sky;person,80545
133422169,54351,/st/u88a/Xj89DHtcWE.jpg,2021-12-03T18:33:04.360Z,4.2,663,ƒ/1.8; 1/120; 4.44mm; ISO158,jpg,,sky,
133422170,54351,/st/yf61/ULjeOGxSDu.jpg,2021-12-03T18:34:22.727Z,3.4,663,ƒ/1.8; 1/120; 4.44mm; ISO222,jpg,,fireworks;leaves;car;tree,
133422171,54351,/st/z3dc/O2TOdA7glc.jpg,2021-12-03T18:34:43.437Z,5.6,663,ƒ/1.8; 1/120; 4.44mm; ISO857,jpg,,person;bird,
133422172,81467,/st/xbe9/LUmzAGwTSf.jpg,2021-12-03T18:35:53.769Z,4.2,2210,ƒ/1.8; 1/2000; 5.40mm; ISO416,jpg,,christmas tree;beach;food;tree,
133422173,81467,/st/x399/9BjLso1JBr.jpg,2021-12-03T18:36:16.935Z,2.1,2210,ƒ/1.8; 1/1000; 5.40mm; ISO167,jpg,,person;food;snow,79931;83560
133422174,93983,/st/z396/oOGcjvx4NE.jpg,2021-12-03T18:37:31.238Z,5.3,2210,ƒ/1.8; 1/4000; 5.40mm; ISO147,jpg,Graduation,lake,
133422175,81467,/st/u244/VrAvCpJtG9.jpg,2021-12-03T18:37:45.624Z,5.6,2210,ƒ/1.8; 1/4000; 5.40mm; ISO435,jpg,Graduation,sky;food;christmas tree;person,
133422176,93983,/st/u800/525AFQ3t2T.jpg,2021-12-03T18:37:47.657Z,4.4,2210,ƒ/1.8; 1/120; 5.40mm; ISO59,jpg,,food,
133422177,93983,/st/uce3/RmsmTbLwEg.png,2021-12-03T18:40:58.393Z,2.5,,,png,,text,
133422178,26983,/st/yf9/0dkqH3eoAx.jpg,2021-12-03T18:41:16.545Z,4.5,4101,ƒ/1.8; 1/120; 4.25mm; ISO181,jpg,,lake,
133422179,26983,/st/z603/l5poAW3kTE.heic,2021-12-03T18:42:40.061Z,2.5,4101,ƒ/1.8; 1/60; 4.25mm; ISO379,heic,Graduation,tree;person;sky;sunset,63901;55362
133422180,26983,/st/yb95/Eu2897evta.heic,2021-12-03T18:45:33.336Z,2.1,4101,ƒ/1.8; 1/120; 4.25mm; ISO842,heic,,sky,
133422181,62557,/st/z930/yDBslAJdqj.jpg,2021-12-03T19:22:38.510Z,5.3,1844,ƒ/2; 1/250; 3.64mm; ISO468,jpg,,sky;christmas tree;beach,
133422182,62557,/st/uf27/VWWmpU2CWR.jpg,2021-12-03T19:22:53.159Z,3.1,1844,ƒ/2; 1/15; 3.64mm; ISO77,jpg,,christmas tree,
133422183,62557,/st/u3b7/XsQftVm4Hw.jpg,2021-12-03T19:23:01.758Z,4.3,1844,ƒ/2; 1/1000; 3.64mm; ISO277,jpg,Sunset,person;tree;building,71690
133422184,62557,/st/x3bf/eoibt5LEWU.jpg,2021-12-03T19:26:12.266Z,3.1,1844,ƒ/2; 1/120; 3.64mm; ISO78,jpg,,cat;christmas tree;food,
133422185,64959,/st/u90c/q6hYkhij82.heic,2021-12-03T19:28:56.492Z,1.3,4104,ƒ/1.6; 1/250; 5.10mm; ISO50,heic,,snow;flower,
133422186,64959,/st/u351/pfXJDy0g6D.heic,2021-12-03T19:29:00.217Z,3.0,4104,ƒ/1.6; 1/2000; 5.10mm; ISO975,heic,,christmas tree;building;beach,
133422187,64959,/st/y752/OpOc9P7xQ5.heic,2021-12-03T19:30:00.966Z,3.1,4104,ƒ/1.6; 1/1000; 5.10mm; ISO162,heic,,leaves,
133422188,64959,/st/u504/IkvoalbIS3.heic,2021-12-03T19:30:04.053Z,1.2,4104,ƒ/1.6; 1/30; 5.10mm; ISO208,heic,,person;dog;tree,34757;16128
133422189,64959,/st/x26c/8YYUjatM5m.heic,2021-12-03T19:31:08.554Z,1.0,4104,ƒ/1.6; 1/1000; 5.10mm; ISO84,heic,,beach;person,16128;28074;29483
133422190,64959,/st/u20e/eAlk7PWGM2.heic,2021-12-03T19:35:25.208Z,1.6,4104,ƒ/1.6; 1/500; 5.10mm; ISO50,heic,,beach;food,
133422191,64959,/st/zf9a/rRgy3WXD2U.heic,2021-12-03T19:36:33.010Z,1.8,4104,ƒ/1.6; 1/120; 5.10mm; ISO448,heic,,person;snow;dog,97532
133422192,64959,/st/z26d/qYSsXWBy0W.heic,2021-12-03T19:36:45.211Z,2.0,4104,ƒ/1.6; 1/60; 5.10mm; ISO108,heic,,tree,
133422193,64959,/st/xcca/MjYPKrfcXq.heic,2021-12-03T19:38:05.840Z,1.8,4104,ƒ/1.6; 1/30; 5.10mm; ISO64,heic,,tree;sky;leaves,
133422194,83244,/st/z397/qhY6gjB9Ti.heic,2021-12-03T20:26:25.841Z,1.3,4102,ƒ/1.6; 1/15; 4.20mm; ISO258,heic,,sky,
133422195,83244,/st/u252/izhNBzI1Gq.heic,2021-12-03T20:27:41.480Z,1.4,4102,ƒ/1.6; 1/60; 4.20mm; ISO199,heic,Sunset,tree;person;sky,
133422196,22142,/st/z8df/kI1DF9Pa6Q.heic,2021-12-03T20:43:04.379Z,1.1,4104,ƒ/1.6; 1/4000; 5.10mm; ISO96,heic,,dog;person,34757;71399;23513
133422197,54351,/st/z6cc/JT8El8agjm.jpg,2021-12-03T20:50:59.990Z,4.6,663,ƒ/1.8; 1/4000; 4.44mm; ISO209,jpg,,dog,
133422198,54351,/st/ye7c/OG2MLiTUcL.jpg,2021-12-03T20:55:00.867Z,8.7,8015,ƒ/4; 1/30; 200.00mm; ISO316,jpg,,person;flower,71048;88979;98849
133422199,54351,/st/zc10/YLbPArKzzi.jpg,2021-12-03T20:56:21.738Z,3.5,663,ƒ/1.8; 1/30; 4.44mm; ISO581,jpg,,person;christmas tree,43726;98277;63877
133422200,54351,/st/yce0/bM4tXvJLLR.jpg,2021-12-03T20:57:24.736Z,5.1,663,ƒ/1.8; 1/60; 4.44mm; ISO50,jpg,,person;snow;food;christmas tree,23883;48055;36151
133422201,54351,/st/zb60/pd0sUs5zvG.jpg,2021-12-03T20:58:34.092Z,11.0,8015,ƒ/4; 1/60; 35.00mm; ISO139,jpg,,snow,
133422202,84522,/st/u450/L74sutZ9Gn.heic,2021-12-03T21:11:37.479Z,1.9,4104,ƒ/1.6; 1/2000; 5.10mm; ISO474,heic,,flower;sky;christmas tree;bird,
133422203,84522,/st/z9ce/nTYFGw5hdC.heic,2021-12-03T21:14:36.303Z,3.3,4104,ƒ/1.6; 1/2000; 5.10mm; ISO170,heic,,sunset;person;beach;christmas tree,94703
133422204,84522,/st/y558/i5K50MmSPl.heic,2021-12-03T21:17:25.678Z,1.5,4104,ƒ/1.6; 1/60; 5.10mm; ISO50,heic,,christmas tree;tree;person;beach,
133422205,41844,/st/x8cd/Oe3MZlCjXa.heic,2021-12-03T21:35:00.241Z,3.3,4105,ƒ/1.8; 1/15; 3.99mm; ISO564,heic,,person,46338;93983;10247
133422206,41844,/st/x40a/TvLCbs8X1L.heic,2021-12-03T21:40:36.080Z,2.0,4105,ƒ/1.8; 1/2000; 3.99mm; ISO675,heic,,sky,
133422207,77685,/st/y31/8lZQH02blm.jpg,2021-12-03T22:05:40.215Z,2.4,4102,ƒ/1.6; 1/4000; 4.20mm; ISO389,jpg,,dog,
133422208,77685,/st/ybb6/zByrWjz7Tl.heic,2021-12-03T22:05:54.070Z,2.4,4102,ƒ/1.6; 1/120; 4.20mm; ISO546,heic,,car;building,
133422209,19032,/st/xe7e/ehHR2eZNn2.heic,2021-12-03T22:10:58.271Z,2.4,4104,ƒ/1.6; 1/2000; 5.10mm; ISO291,heic,,fireworks;person,
133422210,52513,/st/u2c5/xlcfzPMTJc.heic,2021-12-03T22:25:52.684Z,1.8,4102,ƒ/1.6; 1/250; 4.20mm; ISO317,heic,,person;building,54923;26983;61131
133422211,52513,/st/z7e3/qONIIRp8Zm.heic,2021-12-03T22:26:22.673Z,2.5,4102,ƒ/1.6; 1/2000; 4.20mm; ISO114,heic,,sky;dog,
133422212,54351,/st/ube6/MKkqEK4a3r.jpg,2021-12-03T22:27:46.529Z,3.6,663,ƒ/1.8; 1/2000; 4.44mm; ISO237,jpg,,christmas tree;tree;sky,
133422213,54351,/st/u277/HNdHwOYnUq.jpg,2021-12-03T22:28:45.512Z,2.5,663,ƒ/1.8; 1/15; 4.44mm; ISO637,jpg,,building;person;beach,95365;36151
133422214,52513,/st/u57/LlQZqqC3FS.heic,2021-12-03T22:29:24.430Z,2.7,4102,ƒ/1.6; 1/4000; 4.20mm; ISO305,heic,,person;lake;mountain,63877
133422215,52513,/st/x3c3/NZu2Bv0lY2.heic,2021-12-03T22:29:32.123Z,3.3,4102,ƒ/1.6; 1/120; 4.20mm; ISO2080,heic,,person;christmas tree,
133422216,10247,/st/x6d1/4QJssjAT1F.jpg,2021-12-03T22:34:07.058Z,1.8,1901,ƒ/1.9; 1/2000; 5.40mm; ISO927,jpg,,snow;car;cat;beach,
133422217,10247,/st/zde8/qsSB2VwTVZ.jpg,2021-12-03T22:35:08.315Z,3.5,1901,ƒ/1.9; 1/4000; 5.40mm; ISO422,jpg,,person;food,41844
133422218,10247,/st/u5d/N9GckNyfeQ.jpg,2021-12-03T22:38:52.839Z,3.5,1901,ƒ/1.9; 1/1000; 5.40mm; ISO270,jpg,,person;food;leaves;building,84106;77548
133422219,79931,/st/y75d/FNgEMOjJj9.jpg,2021-12-03T23:15:22.415Z,4.5,4103,ƒ/1.6; 1/15; 4.20mm; ISO210,jpg,,christmas tree;cat;building,
133422220,95045,/st/z9f2/8SCVE8y9XH.jpg,2021-12-03T23:18:03.009Z,3.0,2214,ƒ/1.8; 1/4000; 5.20mm; ISO79,jpg,,person;beach;christmas tree;tree,52236;57951
133422221,79931,/st/yccf/E2fHyxnRu6.jpg,2021-12-03T23:20:03.362Z,3.6,4103,ƒ/1.6; 1/60; 4.20mm; ISO50,jpg,,person;tree;car,64128
133422222,79931,/st/x39e/GpogYyaUB6.jpg,2021-12-03T23:21:36.921Z,3.6,4103,ƒ/1.6; 1/60; 4.20mm; ISO145,jpg,,christmas tree;snow,
133422223,23883,/st/z75c/oW4EQQrupC.jpg,2021-12-03T23:23:40.929Z,8.6,3515,ƒ/1.85; 1/1000; 6.00mm; ISO162,jpg,,christmas tree,
133422224,23883,/st/uc34/ALFSd9OYpO.jpg,2021-12-03T23:27:20.126Z,2.8,3515,ƒ/1.85; 1/250; 6.00mm; ISO50,jpg,,snow;building;flower,
133422225,23883,/st/z70f/rfWA3udxEl.jpg,2021-12-03T23:27:21.006Z,3.3,3515,ƒ/1.85; 1/30; 6.00mm; ISO108,jpg,Game night,sky,
133422226,54351,/st/y3b9/ZfesNumbDw.jpg,2021-12-03T23:36:35.314Z,4.3,663,ƒ/1.8; 1/60; 4.44mm; ISO313,jpg,,person;cat;flower,15148
133422227,54351,/st/u99e/vH8A7k4OOX.jpg,2021-12-03T23:38:37.242Z,6.6,663,ƒ/1.8; 1/2000; 4.44mm; ISO456,jpg,,person;christmas tree;tree;sunset,76755;26861
