album_id,user_id,since
7001,54351,2021-07-27T03:44:05.213Z
7001,84522,2021-07-13T21:44:05.213Z
7001,77548,2021-07-21T23:44:05.213Z
7001,31031,2021-07-31T23:44:05.213Z
7001,14347,2021-07-25T02:44:05.213Z
7001,33145,2021-07-19T23:44:05.213Z
7001,29601,2021-07-22T05:44:05.213Z
7001,16635,2021-07-22T02:44:05.213Z
7001,60999,2021-07-25T20:44:05.213Z
7001,23883,2021-07-29T03:44:05.213Z
7001,58944,2021-07-29T07:44:05.213Z
7001,83886,2021-07-22T02:44:05.213Z
7001,81178,2021-08-01T13:44:05.213Z
7002,64506,2021-08-04T09:04:41.313Z
7002,91877,2021-07-19T18:04:41.313Z
7003,92115,2021-07-22T12:13:19.907Z
7003,94927,2021-08-03T14:13:19.907Z
7003,87277,2021-07-18T15:13:19.907Z
7003,72474,2021-07-22T04:13:19.907Z
7004,68271,2021-08-07T10:09:36.346Z
7004,62202,2021-08-02T10:09:36.346Z
7004,22060,2021-08-06T13:09:36.346Z
7004,26083,2021-07-24T03:09:36.346Z
7004,64506,2021-07-29T00:09:36.346Z
7004,19743,2021-08-03T18:09:36.346Z
7004,25869,2021-07-31T09:09:36.346Z
7004,33531,2021-07-30T21:09:36.346Z
7008,17050,2021-07-26T21:43:17.380Z
7008,92529,2021-08-03T12:43:17.380Z
7008,39080,2021-08-06T04:43:17.380Z
7008,93983,2021-08-01T12:43:17.380Z
7008,84522,2021-07-30T19:43:17.380Z
7008,57951,2021-07-26T21:43:17.380Z
7010,52513,2021-07-31T20:11:01.852Z
7010,62202,2021-07-27T06:11:01.852Z
7010,78587,2021-07-27T20:11:01.852Z
7010,26083,2021-07-29T06:11:01.852Z
7010,64506,2021-08-01T18:11:01.852Z
7010,19743,2021-08-04T14:11:01.852Z
7010,71879,2021-08-08T22:11:01.852Z
7010,25869,2021-08-02T06:11:01.852Z
7010,33531,2021-08-11T16:11:01.852Z
7010,39080,2021-08-01T23:11:01.852Z
7010,78552,2021-07-29T06:11:01.852Z
7010,71399,2021-07-25T12:11:01.852Z
7010,83560,2021-08-05T20:11:01.852Z
7010,84522,2021-08-02T12:11:01.852Z
7010,55362,2021-08-04T18:11:01.852Z
7010,91877,2021-07-28T11:11:01.852Z
7010,76523,2021-07-27T19:11:01.852Z
7010,95261,2021-08-02T17:11:01.852Z
7010,32805,2021-08-08T03:11:01.852Z
7010,49182,2021-07-27T00:11:01.852Z
7010,65283,2021-08-13T22:11:01.852Z
7010,80297,2021-08-09T00:11:01.852Z
7012,60086,2021-08-05T00:09:57.532Z
7012,52093,2021-08-07T04:09:57.532Z
7012,45806,2021-07-30T19:09:57.532Z
7012,86991,2021-07-31T21:09:57.532Z
7012,55945,2021-08-14T01:09:57.532Z
7013,92115,2021-07-30T10:33:54.570Z
7013,61264,2021-08-11T15:33:54.570Z
7013,94828,2021-08-13T08:33:54.570Z
7015,52513,2021-08-17T21:26:45.933Z
7015,68271,2021-08-07T14:26:45.933Z
7015,62202,2021-08-19T12:26:45.933Z
7015,78587,2021-08-12T23:26:45.933Z
7015,22060,2021-08-18T23:26:45.933Z
7015,26083,2021-08-04T05:26:45.933Z
7015,64506,2021-08-12T14:26:45.933Z
7015,19743,2021-08-03T16:26:45.933Z
7015,71879,2021-08-02T13:26:45.933Z
7015,74311,2021-08-17T05:26:45.933Z
7015,33531,2021-08-17T02:26:45.933Z
7020,74311,2021-08-13T02:05:33.520Z
7020,89000,2021-08-21T15:05:33.520Z
7020,17343,2021-08-27T05:05:33.520Z
7020,47408,2021-08-17T13:05:33.520Z
7020,52750,2021-08-11T15:05:33.520Z
7022,98849,2021-08-14T03:40:50.310Z
7022,47408,2021-08-23T07:40:50.310Z
7022,30682,2021-08-15T06:40:50.310Z
7022,96837,2021-08-12T06:40:50.310Z
7022,93983,2021-08-22T00:40:50.310Z
7022,21276,2021-08-15T09:40:50.310Z
7027,52513,2021-08-30T17:26:29.739Z
7027,68271,2021-08-16T08:26:29.739Z
7027,62202,2021-08-26T21:26:29.739Z
7027,22060,2021-08-19T00:26:29.739Z
7027,26083,2021-08-24T07:26:29.739Z
7027,64506,2021-08-24T23:26:29.739Z
7027,71879,2021-09-04T19:26:29.739Z
7027,25869,2021-08-17T03:26:29.739Z
7027,74311,2021-08-16T22:26:29.739Z
7030,24290,2021-09-02T19:51:56.389Z
7030,46338,2021-08-27T17:51:56.389Z
7030,10920,2021-08-20T00:51:56.389Z
7030,49624,2021-08-28T15:51:56.389Z
7032,52513,2021-08-24T23:05:13.688Z
7032,68271,2021-08-24T02:05:13.688Z
7032,62202,2021-08-26T19:05:13.688Z
7032,78587,2021-08-28T16:05:13.688Z
7032,22060,2021-09-04T12:05:13.688Z
7032,64506,2021-08-18T16:05:13.688Z
7032,19743,2021-08-23T13:05:13.688Z
7033,74311,2021-08-31T09:52:29.206Z
7033,71690,2021-08-24T04:52:29.206Z
7033,53624,2021-08-25T04:52:29.206Z
7033,72474,2021-09-05T13:52:29.206Z
7033,95045,2021-08-23T08:52:29.206Z
7033,19032,2021-08-26T05:52:29.206Z
7033,92820,2021-09-03T16:52:29.206Z
7033,33531,2021-09-04T11:52:29.206Z
7033,34306,2021-09-05T05:52:29.206Z
7033,95365,2021-09-02T09:52:29.206Z
7033,15148,2021-09-07T10:52:29.206Z
7033,92132,2021-08-26T23:52:29.206Z
7034,54351,2021-09-03T07:23:42.444Z
7034,36832,2021-08-24T05:23:42.444Z
7038,54351,2021-09-10T21:27:48.103Z
7038,68271,2021-09-06T23:27:48.103Z
7038,62202,2021-09-11T01:27:48.103Z
7038,25869,2021-08-24T10:27:48.103Z
7038,33531,2021-08-27T09:27:48.103Z
7038,20531,2021-08-26T08:27:48.103Z
7038,53624,2021-08-31T00:27:48.103Z
7038,81064,2021-09-10T03:27:48.103Z
7039,54351,2021-09-07T21:45:15.700Z
7039,74461,2021-09-08T00:45:15.700Z
7039,74828,2021-08-30T14:45:15.700Z
7039,79872,2021-09-11T08:45:15.700Z
7039,74311,2021-08-24T20:45:15.700Z
7044,71879,2021-08-29T19:36:07.051Z
7044,79721,2021-09-01T15:36:07.051Z
7045,74461,2021-08-31T19:45:41.331Z
7045,84522,2021-09-14T04:45:41.331Z
7045,92132,2021-09-07T18:45:41.331Z
7045,95635,2021-09-03T04:45:41.331Z
7046,68271,2021-09-16T15:34:37.934Z
7046,62202,2021-09-11T11:34:37.934Z
7046,78587,2021-09-06T20:34:37.934Z
7046,26083,2021-09-13T06:34:37.934Z
7046,19743,2021-09-05T13:34:37.934Z
7046,71879,2021-09-08T21:34:37.934Z
7046,25869,2021-09-02T16:34:37.934Z
7046,33531,2021-09-06T21:34:37.934Z
7046,92529,2021-09-08T11:34:37.934Z
7046,39080,2021-09-01T14:34:37.934Z
7046,98849,2021-09-13T07:34:37.934Z
7046,83560,2021-09-04T04:34:37.934Z
7046,84522,2021-09-04T05:34:37.934Z
7046,55362,2021-09-11T14:34:37.934Z
7046,76523,2021-09-12T19:34:37.934Z
7046,95261,2021-09-10T22:34:37.934Z
7046,32805,2021-09-15T05:34:37.934Z
7046,49182,2021-09-07T12:34:37.934Z
7046,73885,2021-09-13T23:34:37.934Z
7046,49106,2021-09-07T21:34:37.934Z
7046,77548,2021-09-15T17:34:37.934Z
7046,15148,2021-09-01T08:34:37.934Z
7050,74461,2021-09-17T22:02:28.093Z
7050,23513,2021-09-13T15:02:28.093Z
7050,89628,2021-09-06T06:02:28.093Z
7050,92820,2021-09-08T23:02:28.093Z
7051,74461,2021-09-01T15:19:28.093Z
7051,23513,2021-09-15T20:19:28.093Z
7051,89628,2021-09-09T05:19:28.093Z
7051,92820,2021-09-12T06:19:28.093Z
7054,52513,2021-09-23T11:32:13.475Z
7054,68271,2021-09-08T13:32:13.475Z
7054,62202,2021-09-09T21:32:13.475Z
7054,78587,2021-09-20T11:32:13.475Z
7054,22060,2021-09-11T15:32:13.475Z
7055,54351,2021-09-27T08:42:06.580Z
7055,26083,2021-09-23T22:42:06.580Z
7055,74311,2021-09-26T05:42:06.580Z
7055,78552,2021-09-14T06:42:06.580Z
7056,65378,2021-09-11T16:22:40.425Z
7056,41704,2021-09-22T11:22:40.425Z
7056,73885,2021-09-29T03:22:40.425Z
7056,41519,2021-09-23T14:22:40.425Z
7056,94701,2021-09-20T20:22:40.425Z
7059,78587,2021-09-16T13:26:23.433Z
7059,22060,2021-09-28T18:26:23.433Z
7059,26083,2021-09-23T00:26:23.433Z
7059,64506,2021-09-13T19:26:23.433Z
7059,19743,2021-09-14T04:26:23.433Z
7059,25869,2021-09-14T05:26:23.433Z
7059,33531,2021-09-29T02:26:23.433Z
7059,63877,2021-09-27T06:26:23.433Z
7059,92529,2021-09-24T04:26:23.433Z
7059,39080,2021-09-14T12:26:23.433Z
7059,98849,2021-09-22T07:26:23.433Z
7059,71399,2021-09-29T15:26:23.433Z
7059,84522,2021-09-30T04:26:23.433Z
7059,76523,2021-09-22T01:26:23.433Z
7059,95261,2021-09-11T10:26:23.433Z
7059,32805,2021-09-13T18:26:23.433Z
7059,49182,2021-09-25T17:26:23.433Z
7059,65283,2021-09-17T15:26:23.433Z
7059,80297,2021-09-23T16:26:23.433Z
7059,73885,2021-09-14T13:26:23.433Z
7059,34757,2021-09-16T18:26:23.433Z
7059,77548,2021-09-23T15:26:23.433Z
7059,15148,2021-09-25T16:26:23.433Z
7059,80545,2021-09-25T01:26:23.433Z
7059,84106,2021-09-24T08:26:23.433Z
7059,61131,2021-09-25T05:26:23.433Z
7059,61264,2021-09-14T15:26:23.433Z
7059,10592,2021-09-12T01:26:23.433Z
7059,11816,2021-09-13T07:26:23.433Z
7059,94701,2021-09-26T21:26:23.433Z
7059,70148,2021-09-17T15:26:23.433Z
7059,33640,2021-09-29T08:26:23.433Z
7059,71048,2021-09-22T12:26:23.433Z
7059,64289,2021-09-20T21:26:23.433Z
7059,27348,2021-09-30T01:26:23.433Z
7059,23073,2021-09-28T05:26:23.433Z
7059,23883,2021-09-13T14:26:23.433Z
7059,26861,2021-09-14T10:26:23.433Z
7059,60086,2021-09-16T19:26:23.433Z
7059,19587,2021-09-12T02:26:23.433Z
7059,79931,2021-09-28T18:26:23.433Z
7059,94828,2021-09-27T07:26:23.433Z
7059,86814,2021-09-27T22:26:23.433Z
7059,48055,2021-09-19T13:26:23.433Z
7059,55945,2021-09-24T22:26:23.433Z
7059,46823,2021-09-16T15:26:23.433Z
7059,44858,2021-09-18T18:26:23.433Z
7059,88979,2021-09-15T08:26:23.433Z
7059,29692,2021-09-19T16:26:23.433Z
7059,45806,2021-09-18T01:26:23.433Z
7059,43726,2021-09-16T12:26:23.433Z
7060,75801,2021-09-12T03:58:32.493Z
7060,80297,2021-09-21T22:58:32.493Z
7060,80520,2021-09-13T22:58:32.493Z
7063,52513,2021-10-02T01:35:08.783Z
7063,78587,2021-10-01T21:35:08.783Z
7063,22060,2021-09-22T06:35:08.783Z
7063,64506,2021-09-17T03:35:08.783Z
7063,19743,2021-09-25T19:35:08.783Z
7063,71879,2021-10-03T17:35:08.783Z
7063,25869,2021-09-30T10:35:08.783Z
7063,33531,2021-09-19T10:35:08.783Z
7063,63877,2021-09-18T03:35:08.783Z
7063,92529,2021-10-01T02:35:08.783Z
7063,39080,2021-09-30T09:35:08.783Z
7063,98849,2021-09-18T04:35:08.783Z
7063,71399,2021-09-22T08:35:08.783Z
7063,84522,2021-09-27T17:35:08.783Z
7063,76523,2021-09-25T21:35:08.783Z
7063,95261,2021-09-29T13:35:08.783Z
7063,32805,2021-09-26T14:35:08.783Z
7063,49182,2021-09-17T00:35:08.783Z
7063,65283,2021-09-25T14:35:08.783Z
7063,80297,2021-09-26T08:35:08.783Z
7063,49106,2021-09-29T08:35:08.783Z
7063,34757,2021-10-02T06:35:08.783Z
7063,77548,2021-09-25T23:35:08.783Z
7063,15148,2021-09-29T03:35:08.783Z
7063,77540,2021-09-26T13:35:08.783Z
7063,80520,2021-10-02T21:35:08.783Z
7063,80545,2021-09-25T06:35:08.783Z
7063,61131,2021-09-25T02:35:08.783Z
7063,61264,2021-09-20T14:35:08.783Z
7063,11816,2021-09-21T16:35:08.783Z
7063,36151,2021-09-22T11:35:08.783Z
7063,54923,2021-10-06T06:35:08.783Z
7063,33640,2021-10-02T18:35:08.783Z
7063,79913,2021-10-05T02:35:08.783Z
7063,67035,2021-09-26T12:35:08.783Z
7063,64289,2021-09-28T07:35:08.783Z
7063,75154,2021-09-29T00:35:08.783Z
7063,27348,2021-10-01T14:35:08.783Z
7063,23073,2021-09-22T19:35:08.783Z
7063,26861,2021-10-02T10:35:08.783Z
7063,60086,2021-09-18T14:35:08.783Z
7063,50328,2021-10-01T14:35:08.783Z
7063,19587,2021-09-30T04:35:08.783Z
7063,48055,2021-10-02T11:35:08.783Z
7063,55945,2021-09-18T05:35:08.783Z
7063,44858,2021-10-01T07:35:08.783Z
7063,29692,2021-09-29T00:35:08.783Z
7063,45806,2021-09-16T20:35:08.783Z
7063,43726,2021-10-01T18:35:08.783Z
7063,81921,2021-09-18T19:35:08.783Z
7063,63901,2021-09-30T15:35:08.783Z
7063,73833,2021-09-24T12:35:08.783Z
7063,40781,2021-09-17T15:35:08.783Z
7064,52513,2021-10-04T19:44:13.933Z
7064,68271,2021-09-19T17:44:13.933Z
7064,78587,2021-09-22T12:44:13.933Z
7064,22060,2021-09-26T07:44:13.933Z
7064,26083,2021-10-01T02:44:13.933Z
7064,71879,2021-10-04T00:44:13.933Z
7064,25869,2021-09-26T12:44:13.933Z
7064,63877,2021-09-30T19:44:13.933Z
7064,92529,2021-09-23T21:44:13.933Z
7064,39080,2021-09-23T23:44:13.933Z
7064,98849,2021-09-19T04:44:13.933Z
7064,78552,2021-09-20T16:44:13.933Z
7064,71399,2021-09-24T13:44:13.933Z
7064,55362,2021-10-07T12:44:13.933Z
7064,91877,2021-10-03T21:44:13.933Z
7064,76523,2021-09-25T03:44:13.933Z
7064,95261,2021-09-24T14:44:13.933Z
7064,32805,2021-09-23T16:44:13.933Z
7064,80297,2021-09-25T07:44:13.933Z
7064,34757,2021-09-30T11:44:13.933Z
7064,77540,2021-09-18T23:44:13.933Z
7064,80545,2021-09-25T02:44:13.933Z
7065,26083,2021-09-25T16:17:39.743Z
7065,36338,2021-09-22T20:17:39.743Z
7065,79721,2021-09-28T11:17:39.743Z
7065,49106,2021-09-28T06:17:39.743Z
7068,99331,2021-09-23T02:18:22.234Z
7068,91877,2021-09-25T14:18:22.234Z
7068,47408,2021-10-07T04:18:22.234Z
7068,51982,2021-10-11T15:18:22.234Z
7068,20915,2021-10-07T06:18:22.234Z
7068,94953,2021-09-23T07:18:22.234Z
7068,50328,2021-10-03T09:18:22.234Z
7068,34285,2021-10-07T03:18:22.234Z
7068,45806,2021-09-25T04:18:22.234Z
7068,41500,2021-10-07T17:18:22.234Z
7068,25285,2021-09-25T08:18:22.234Z
7069,27296,2021-10-03T22:05:10.917Z
7069,46338,2021-09-30T15:05:10.917Z
7075,74461,2021-10-07T01:54:52.404Z
7075,80069,2021-10-10T04:54:52.404Z
7079,54351,2021-10-13T16:47:58.524Z
7079,26083,2021-10-16T14:47:58.524Z
7079,90415,2021-10-18T05:47:58.524Z
7079,57951,2021-10-15T11:47:58.524Z
7079,16128,2021-10-05T06:47:58.524Z
7080,29956,2021-10-16T20:07:41.836Z
7080,56862,2021-10-13T23:07:41.836Z
7080,54674,2021-10-15T20:07:41.836Z
7080,18849,2021-10-15T20:07:41.836Z
7080,27348,2021-10-15T12:07:41.836Z
7080,29601,2021-10-08T09:07:41.836Z
7080,19032,2021-10-01T21:07:41.836Z
7081,96454,2021-10-10T15:40:32.745Z
7081,22060,2021-10-19T13:40:32.745Z
7081,92529,2021-10-20T21:40:32.745Z
7083,46338,2021-10-02T05:42:33.654Z
7083,25285,2021-10-10T03:42:33.654Z
7083,16635,2021-10-04T20:42:33.654Z
7087,21818,2021-10-09T19:40:05.354Z
7087,41844,2021-10-11T08:40:05.354Z
7087,64128,2021-10-04T19:40:05.354Z
7087,23513,2021-10-09T14:40:05.354Z
7087,45806,2021-10-20T22:40:05.354Z
7087,54875,2021-10-15T08:40:05.354Z
7088,39080,2021-10-21T03:50:49.317Z
7088,98849,2021-10-03T17:50:49.317Z
7088,41844,2021-10-13T05:50:49.317Z
7088,53624,2021-10-16T03:50:49.317Z
7088,94703,2021-10-17T14:50:49.317Z
7088,83244,2021-10-06T16:50:49.317Z
7088,25148,2021-10-23T08:50:49.317Z
7088,54430,2021-10-10T07:50:49.317Z
7088,30682,2021-10-09T10:50:49.317Z
7088,61264,2021-10-19T17:50:49.317Z
7088,28212,2021-10-08T09:50:49.317Z
7088,97532,2021-10-04T06:50:49.317Z
7093,27296,2021-10-20T16:21:46.413Z
7093,92115,2021-10-19T03:21:46.413Z
7093,99331,2021-10-19T22:21:46.413Z
7093,71399,2021-10-24T08:21:46.413Z
7093,55362,2021-10-07T03:21:46.413Z
7093,76444,2021-10-09T16:21:46.413Z
7093,80297,2021-10-08T16:21:46.413Z
7095,24290,2021-10-07T20:12:54.879Z
7095,98849,2021-10-24T23:12:54.879Z
7095,71690,2021-10-09T12:12:54.879Z
7095,49624,2021-10-13T02:12:54.879Z
7095,16635,2021-10-07T17:12:54.879Z
7095,72474,2021-10-12T18:12:54.879Z
7095,80451,2021-10-22T06:12:54.879Z
7095,99614,2021-10-22T20:12:54.879Z
7095,33221,2021-10-17T08:12:54.879Z
7096,24290,2021-10-16T23:25:12.857Z
7096,79872,2021-10-16T01:25:12.857Z
7096,81064,2021-10-20T22:25:12.857Z
7096,31031,2021-10-24T09:25:12.857Z
7096,52008,2021-10-13T22:25:12.857Z
7096,46436,2021-10-10T17:25:12.857Z
7096,29956,2021-10-07T16:25:12.857Z
7096,26983,2021-10-20T15:25:12.857Z
7096,52236,2021-10-27T07:25:12.857Z
7096,41704,2021-10-21T16:25:12.857Z
7096,72513,2021-10-26T15:25:12.857Z
7096,76755,2021-10-15T08:25:12.857Z
7099,36832,2021-10-25T14:07:13.049Z
7099,15148,2021-10-25T02:07:13.049Z
7099,45806,2021-10-18T17:07:13.049Z
7099,70905,2021-10-23T20:07:13.049Z
7102,24290,2021-10-23T00:47:32.291Z
7102,26083,2021-10-23T17:47:32.291Z
7102,80069,2021-10-23T18:47:32.291Z
7102,19743,2021-10-15T18:47:32.291Z
7102,87277,2021-10-27T01:47:32.291Z
7102,49624,2021-10-28T11:47:32.291Z
7102,37871,2021-10-16T17:47:32.291Z
7102,79721,2021-10-10T07:47:32.291Z
7102,95261,2021-10-10T06:47:32.291Z
7102,80297,2021-10-23T02:47:32.291Z
7102,32982,2021-10-14T10:47:32.291Z
7102,55815,2021-10-19T17:47:32.291Z
7102,31628,2021-10-15T04:47:32.291Z
7102,48055,2021-10-22T02:47:32.291Z
7102,71067,2021-10-19T04:47:32.291Z
7102,51140,2021-10-21T12:47:32.291Z
7102,97252,2021-10-13T12:47:32.291Z
7105,54351,2021-10-28T10:07:59.369Z
7105,94703,2021-10-20T03:07:59.369Z
7105,10253,2021-10-17T23:07:59.369Z
7105,32039,2021-10-20T19:07:59.369Z
7105,20378,2021-10-31T19:07:59.369Z
7105,54430,2021-10-23T13:07:59.369Z
7105,10247,2021-10-25T15:07:59.369Z
7105,24340,2021-10-31T00:07:59.369Z
7105,68271,2021-10-24T23:07:59.369Z
7105,70449,2021-10-29T23:07:59.369Z
7105,63877,2021-10-19T16:07:59.369Z
7105,26861,2021-10-14T00:07:59.369Z
7105,77685,2021-10-20T06:07:59.369Z
7105,34285,2021-10-31T02:07:59.369Z
7105,94701,2021-10-16T10:07:59.369Z
7105,34757,2021-10-29T05:07:59.369Z
7105,72634,2021-10-31T21:07:59.369Z
7106,19205,2021-10-19T23:57:30.388Z
7106,34757,2021-10-16T14:57:30.388Z
7106,97532,2021-10-15T07:57:30.388Z
7106,29483,2021-10-29T04:57:30.388Z
7106,96099,2021-10-21T01:57:30.388Z
7107,74311,2021-10-16T21:56:00.026Z
7107,92529,2021-10-17T05:56:00.026Z
7107,53663,2021-10-28T11:56:00.026Z
7108,41844,2021-10-22T09:27:38.332Z
7108,99332,2021-10-27T22:27:38.332Z
7110,21154,2021-10-28T01:26:28.468Z
7110,46704,2021-10-25T12:26:28.468Z
7110,47619,2021-10-16T12:26:28.468Z
7110,71697,2021-10-16T11:26:28.468Z
7110,72568,2021-10-16T03:26:28.468Z
7110,82243,2021-10-17T18:26:28.468Z
7110,84522,2021-10-19T11:26:28.468Z
7110,71399,2021-10-24T15:26:28.468Z
7110,32982,2021-10-26T21:26:28.468Z
7110,89898,2021-10-25T02:26:28.468Z
7110,77540,2021-10-27T07:26:28.468Z
7110,73885,2021-11-01T22:26:28.468Z
7110,81600,2021-10-15T13:26:28.468Z
7110,25148,2021-10-29T17:26:28.468Z
7110,45806,2021-10-28T00:26:28.468Z
7111,62202,2021-10-22T11:37:00.222Z
7111,60999,2021-10-23T19:37:00.222Z
7111,26083,2021-11-02T22:37:00.222Z
7111,98849,2021-10-24T06:37:00.222Z
7111,22127,2021-10-21T01:37:00.222Z
7112,23513,2021-11-01T08:01:41.301Z
7112,60619,2021-10-16T22:01:41.301Z
7112,35382,2021-10-25T09:01:41.301Z
7112,22142,2021-11-02T17:01:41.301Z
7112,99331,2021-10-21T04:01:41.301Z
7112,20378,2021-10-19T06:01:41.301Z
7112,94070,2021-10-23T18:01:41.301Z
7112,46436,2021-10-24T21:01:41.301Z
7112,81467,2021-10-24T17:01:41.301Z
7112,30015,2021-10-17T17:01:41.301Z
7112,36338,2021-11-03T21:01:41.301Z
7112,97602,2021-10-25T13:01:41.301Z
7112,25148,2021-11-04T01:01:41.301Z
7112,32982,2021-11-02T21:01:41.301Z
7112,95635,2021-10-28T15:01:41.301Z
7113,52513,2021-11-03T16:19:53.850Z
7113,68271,2021-10-16T23:19:53.850Z
7113,22060,2021-10-28T02:19:53.850Z
7113,64506,2021-10-30T07:19:53.850Z
7113,19743,2021-10-27T13:19:53.850Z
7113,25869,2021-10-18T02:19:53.850Z
7113,33531,2021-11-02T04:19:53.850Z
7113,63877,2021-10-21T09:19:53.850Z
7113,92529,2021-10-25T02:19:53.850Z
7117,68271,2021-10-18T10:16:36.693Z
7117,62202,2021-11-01T05:16:36.693Z
7117,78587,2021-10-31T07:16:36.693Z
7117,22060,2021-10-20T23:16:36.693Z
7117,26083,2021-10-29T06:16:36.693Z
7117,19743,2021-10-27T15:16:36.693Z
7117,71879,2021-10-22T11:16:36.693Z
7117,25869,2021-10-21T10:16:36.693Z
7117,74311,2021-10-18T16:16:36.693Z
7117,33531,2021-11-01T17:16:36.693Z
7117,63877,2021-11-01T12:16:36.693Z
7117,98849,2021-11-04T00:16:36.693Z
7117,71399,2021-11-04T09:16:36.693Z
7117,83560,2021-10-20T16:16:36.693Z
7117,84522,2021-10-24T17:16:36.693Z
7120,54351,2021-11-03T05:48:52.166Z
7120,26083,2021-11-06T08:48:52.166Z
7122,99331,2021-11-06T03:54:14.849Z
7122,36755,2021-10-22T09:54:14.849Z
7122,74979,2021-11-04T09:54:14.849Z
7122,17343,2021-11-05T01:54:14.849Z
7122,86991,2021-11-04T03:54:14.849Z
7122,64959,2021-10-30T20:54:14.849Z
7122,25782,2021-10-27T13:54:14.849Z
7122,81101,2021-10-26T23:54:14.849Z
7122,70905,2021-10-23T01:54:14.849Z
7122,13164,2021-11-04T21:54:14.849Z
7123,54351,2021-10-26T00:44:11.217Z
7123,74461,2021-10-26T22:44:11.217Z
7123,91877,2021-10-21T16:44:11.217Z
7123,10592,2021-10-20T05:44:11.217Z
7123,54923,2021-10-21T11:44:11.217Z
7123,95365,2021-10-27T14:44:11.217Z
7123,38554,2021-11-03T09:44:11.217Z
7123,60999,2021-10-25T21:44:11.217Z
7123,24340,2021-10-24T13:44:11.217Z
7135,78587,2021-11-16T19:00:56.621Z
7135,92529,2021-11-10T08:00:56.621Z
7136,68271,2021-11-09T12:10:03.029Z
7136,62202,2021-11-16T10:10:03.029Z
7136,22060,2021-10-31T11:10:03.029Z
7136,26083,2021-10-31T21:10:03.029Z
7136,19743,2021-11-06T16:10:03.029Z
7136,25869,2021-11-19T14:10:03.029Z
7136,33531,2021-11-09T18:10:03.029Z
7136,63877,2021-11-12T05:10:03.029Z
7136,92529,2021-11-17T16:10:03.029Z
7136,39080,2021-10-31T14:10:03.029Z
7136,98849,2021-11-15T13:10:03.029Z
7136,78552,2021-11-16T10:10:03.029Z
7136,71399,2021-11-02T03:10:03.029Z
7136,84522,2021-11-08T08:10:03.029Z
7136,55362,2021-11-13T11:10:03.029Z
7136,91877,2021-11-06T18:10:03.029Z
7136,76523,2021-11-06T07:10:03.029Z
7136,95261,2021-11-10T16:10:03.029Z
7136,32805,2021-11-17T08:10:03.029Z
7136,80297,2021-11-10T04:10:03.029Z
7136,34757,2021-11-05T06:10:03.029Z
7136,80520,2021-11-18T23:10:03.029Z
7136,57951,2021-11-11T06:10:03.029Z
7136,84106,2021-11-09T16:10:03.029Z
7136,61264,2021-11-06T17:10:03.029Z
7136,10592,2021-10-31T20:10:03.029Z
7136,11816,2021-11-07T06:10:03.029Z
7136,52750,2021-11-13T00:10:03.029Z
7136,90124,2021-10-31T09:10:03.029Z
7136,36151,2021-11-11T19:10:03.029Z
7136,54923,2021-11-10T08:10:03.029Z
7136,71048,2021-11-04T16:10:03.029Z
7136,64289,2021-11-07T05:10:03.029Z
7136,75154,2021-11-09T21:10:03.029Z
7136,27348,2021-11-19T03:10:03.029Z
7136,23073,2021-11-10T10:10:03.029Z
7136,23883,2021-11-03T11:10:03.029Z
7136,60086,2021-11-15T18:10:03.029Z
7136,50328,2021-11-14T09:10:03.029Z
7136,19587,2021-11-16T07:10:03.029Z
7136,79931,2021-11-10T12:10:03.029Z
7136,86814,2021-11-04T10:10:03.029Z
7139,78587,2021-11-17T17:29:27.477Z
7139,80297,2021-11-04T14:29:27.477Z
7139,23513,2021-11-10T21:29:27.477Z
7139,19032,2021-11-15T22:29:27.477Z
7139,33640,2021-11-01T11:29:27.477Z
7139,31628,2021-11-21T01:29:27.477Z
7145,21818,2021-11-20T15:23:20.801Z
7145,50703,2021-11-15T09:23:20.801Z
7145,93231,2021-11-05T20:23:20.801Z
7147,54351,2021-11-18T06:42:45.629Z
7147,62202,2021-11-03T17:42:45.629Z
7147,94703,2021-11-13T01:42:45.629Z
7147,61264,2021-11-03T16:42:45.629Z
7147,10253,2021-11-10T09:42:45.629Z
7147,32039,2021-11-10T14:42:45.629Z
7147,79931,2021-11-13T04:42:45.629Z
7147,20378,2021-11-02T19:42:45.629Z
7147,27932,2021-11-07T06:42:45.629Z
7147,95045,2021-11-22T03:42:45.629Z
7147,99332,2021-11-12T12:42:45.629Z
7147,18849,2021-11-11T17:42:45.629Z
7147,67035,2021-11-20T20:42:45.629Z
7147,27348,2021-11-02T19:42:45.629Z
7147,85191,2021-11-14T19:42:45.629Z
7147,68422,2021-11-17T22:42:45.629Z
7147,60999,2021-11-18T15:42:45.629Z
7147,90674,2021-11-04T07:42:45.629Z
7147,92820,2021-11-20T12:42:45.629Z
7147,20324,2021-11-18T17:42:45.629Z
7147,70172,2021-11-04T01:42:45.629Z
7147,46630,2021-11-19T21:42:45.629Z
7147,92115,2021-11-15T16:42:45.629Z
7147,16402,2021-11-10T02:42:45.629Z
7147,89628,2021-11-15T12:42:45.629Z
7147,58137,2021-11-10T08:42:45.629Z
7147,97602,2021-11-14T20:42:45.629Z
7147,20531,2021-11-19T01:42:45.629Z
7147,74979,2021-11-08T15:42:45.629Z
7147,84106,2021-11-08T14:42:45.629Z
7147,41388,2021-11-20T03:42:45.629Z
7147,36832,2021-11-06T12:42:45.629Z
7147,61192,2021-11-18T20:42:45.629Z
7147,31628,2021-11-21T05:42:45.629Z
7147,58944,2021-11-15T19:42:45.629Z
7147,94070,2021-11-12T21:42:45.629Z
7147,96099,2021-11-09T16:42:45.629Z
7147,51982,2021-11-04T14:42:45.629Z
7147,13199,2021-11-06T00:42:45.629Z
7148,54351,2021-11-14T20:29:15.869Z
7148,78587,2021-11-16T17:29:15.869Z
7148,25869,2021-11-07T22:29:15.869Z
7148,79721,2021-11-11T02:29:15.869Z
7156,78587,2021-11-22T22:15:55.143Z
7156,98849,2021-11-28T04:15:55.143Z
7156,41704,2021-11-24T13:15:55.143Z
7159,52513,2021-11-21T11:03:37.643Z
7159,68271,2021-11-14T13:03:37.643Z
7159,62202,2021-12-03T02:03:37.643Z
7159,78587,2021-11-17T21:03:37.643Z
7159,22060,2021-11-24T23:03:37.643Z
7159,26083,2021-11-28T12:03:37.643Z
7159,64506,2021-11-28T23:03:37.643Z
7159,19743,2021-11-29T16:03:37.643Z
7159,74311,2021-12-01T22:03:37.643Z
7159,63877,2021-11-18T13:03:37.643Z
7159,92529,2021-11-25T18:03:37.643Z
7159,39080,2021-11-23T08:03:37.643Z
7160,21818,2021-11-25T06:11:49.681Z
7160,50703,2021-11-21T08:11:49.681Z
7160,41844,2021-11-18T20:11:49.681Z
7160,23513,2021-11-19T15:11:49.681Z
7160,51948,2021-11-22T13:11:49.681Z
7160,45806,2021-11-28T16:11:49.681Z
7160,26083,2021-11-21T05:11:49.681Z
7160,56862,2021-11-19T12:11:49.681Z
7160,60999,2021-11-17T05:11:49.681Z
7160,60619,2021-11-25T00:11:49.681Z
7160,77540,2021-11-29T09:11:49.681Z
7162,31628,2021-12-04T20:57:48.264Z
7162,51982,2021-11-19T16:57:48.264Z
7162,81921,2021-11-23T02:57:48.264Z
7162,92820,2021-11-22T12:57:48.264Z
7162,32631,2021-12-01T10:57:48.264Z
7162,71697,2021-12-01T02:57:48.264Z
7162,96975,2021-11-20T04:57:48.264Z
7162,53624,2021-11-26T15:57:48.264Z
7164,52513,2021-11-25T09:00:19.557Z
7164,22060,2021-11-19T23:00:19.557Z
7164,26083,2021-12-09T07:00:19.557Z
7164,64506,2021-11-28T01:00:19.557Z
7164,19743,2021-11-21T11:00:19.557Z
7164,71879,2021-11-21T19:00:19.557Z
7164,33531,2021-11-19T13:00:19.557Z
7164,63877,2021-11-24T02:00:19.557Z
7164,39080,2021-12-04T07:00:19.557Z
7164,78552,2021-11-27T19:00:19.557Z
7164,71399,2021-12-01T18:00:19.557Z
7164,83560,2021-11-19T12:00:19.557Z
7164,84522,2021-12-02T21:00:19.557Z
7164,55362,2021-11-30T22:00:19.557Z
7164,91877,2021-11-22T06:00:19.557Z
7164,76523,2021-12-08T09:00:19.557Z
7164,95261,2021-11-30T18:00:19.557Z
7164,32805,2021-11-29T18:00:19.557Z
7164,65283,2021-11-23T03:00:19.557Z
7164,49106,2021-11-27T18:00:19.557Z
7164,34757,2021-11-23T07:00:19.557Z
7164,77548,2021-12-02T04:00:19.557Z
7164,15148,2021-12-01T22:00:19.557Z
7164,77540,2021-12-02T21:00:19.557Z
7164,80520,2021-11-21T22:00:19.557Z
7164,80545,2021-11-22T15:00:19.557Z
7164,57951,2021-11-25T22:00:19.557Z
7164,84106,2021-12-05T04:00:19.557Z
7164,61131,2021-11-20T07:00:19.557Z
7164,61264,2021-11-27T23:00:19.557Z
7164,10592,2021-12-06T16:00:19.557Z
7166,54351,2021-12-09T04:31:36.836Z
7166,62202,2021-12-02T14:31:36.836Z
7166,53624,2021-12-05T19:31:36.836Z
7166,45806,2021-11-28T19:31:36.836Z
7166,99614,2021-12-05T01:31:36.836Z
7175,58582,2021-11-27T18:50:14.477Z
7175,84106,2021-12-10T06:50:14.477Z
7176,26083,2021-11-30T20:39:23.079Z
7176,58582,2021-11-26T05:39:23.079Z
7176,84106,2021-12-10T04:39:23.079Z
7181,22060,2021-11-28T19:00:26.820Z
7181,80069,2021-12-04T02:00:26.820Z
7181,92529,2021-12-07T22:00:26.820Z
7182,76444,2021-12-17T07:27:17.981Z
7182,58944,2021-12-15T06:27:17.981Z
7182,90124,2021-12-09T06:27:17.981Z
7182,68422,2021-12-04T08:27:17.981Z
7182,76755,2021-12-17T13:27:17.981Z
7184,77548,2021-12-05T23:30:36.311Z
7184,17561,2021-12-15T23:30:36.311Z
7184,71067,2021-12-17T06:30:36.311Z
7184,81433,2021-12-06T16:30:36.311Z
7184,25782,2021-12-12T05:30:36.311Z
7184,76444,2021-12-08T10:30:36.311Z
7190,25869,2021-12-15T04:10:00.252Z
7190,79721,2021-12-18T09:10:00.252Z
7195,79872,2021-12-08T15:50:06.302Z
7195,98849,2021-12-17T11:50:06.302Z
7195,81064,2021-12-10T09:50:06.302Z
7195,29483,2021-12-16T10:50:06.302Z
7195,52008,2021-12-11T07:50:06.302Z
7195,89000,2021-12-09T23:50:06.302Z
7195,52750,2021-12-08T03:50:06.302Z
7195,98277,2021-12-25T23:50:06.302Z
7196,74311,2021-12-16T19:25:15.430Z
7196,93983,2021-12-19T21:25:15.430Z
7196,89000,2021-12-24T09:25:15.430Z
7197,52513,2021-12-15T08:01:38.912Z
7197,68271,2021-12-22T08:01:38.912Z
7197,62202,2021-12-19T04:01:38.912Z
7197,78587,2021-12-11T08:01:38.912Z
7197,26083,2021-12-15T19:01:38.912Z
7197,19743,2021-12-20T05:01:38.912Z
7197,71879,2021-12-25T20:01:38.912Z
7197,25869,2021-12-26T13:01:38.912Z
7197,74311,2021-12-26T15:01:38.912Z
7197,33531,2021-12-18T13:01:38.912Z
7197,92529,2021-12-15T19:01:38.912Z
7197,98849,2021-12-23T17:01:38.912Z
7197,78552,2021-12-16T16:01:38.912Z
7197,71399,2021-12-22T20:01:38.912Z
7197,83560,2021-12-18T21:01:38.912Z
7197,84522,2021-12-11T03:01:38.912Z
7197,55362,2021-12-09T14:01:38.912Z
7197,91877,2021-12-22T01:01:38.912Z
7197,95261,2021-12-26T14:01:38.912Z
7197,32805,2021-12-18T10:01:38.912Z
7197,49182,2021-12-15T09:01:38.912Z
7197,65283,2021-12-16T11:01:38.912Z
7197,80297,2021-12-11T03:01:38.912Z
7197,73885,2021-12-08T05:01:38.912Z
7197,77548,2021-12-19T08:01:38.912Z
7197,15148,2021-12-26T10:01:38.912Z
7197,77540,2021-12-19T11:01:38.912Z
7197,80520,2021-12-24T19:01:38.912Z
7197,80545,2021-12-17T17:01:38.912Z
7197,57951,2021-12-15T03:01:38.912Z
7197,84106,2021-12-19T08:01:38.912Z
7197,61131,2021-12-08T23:01:38.912Z
7197,10592,2021-12-23T05:01:38.912Z
7197,11816,2021-12-10T15:01:38.912Z
7197,94701,2021-12-21T01:01:38.912Z
7197,36151,2021-12-14T01:01:38.912Z
7197,54923,2021-12-24T09:01:38.912Z
7197,70148,2021-12-21T18:01:38.912Z
7197,67035,2021-12-24T19:01:38.912Z
7197,71048,2021-12-15T11:01:38.912Z
7197,75154,2021-12-14T13:01:38.912Z
7197,23073,2021-12-19T09:01:38.912Z
7197,23883,2021-12-25T14:01:38.912Z
7197,26861,2021-12-14T17:01:38.912Z
7197,60086,2021-12-23T08:01:38.912Z
7197,50328,2021-12-18T19:01:38.912Z
7197,19587,2021-12-16T13:01:38.912Z
7197,79931,2021-12-12T12:01:38.912Z
7197,94828,2021-12-11T17:01:38.912Z
7197,86814,2021-12-12T04:01:38.912Z
7197,46823,2021-12-11T11:01:38.912Z
7197,44858,2021-12-08T14:01:38.912Z
7197,29692,2021-12-14T08:01:38.912Z
7203,78587,2021-12-14T03:01:22.082Z
7203,25869,2021-12-21T12:01:22.082Z
7203,61192,2021-12-08T11:01:22.082Z
7203,94703,2021-12-10T04:01:22.082Z
7204,61192,2021-12-14T18:01:07.285Z
7204,99331,2021-12-27T06:01:07.285Z
7204,81064,2021-12-16T01:01:07.285Z
7205,78587,2021-12-10T11:57:21.291Z
7205,74461,2021-12-09T13:57:21.291Z
7205,98849,2021-12-24T03:57:21.291Z
7205,20324,2021-12-17T16:57:21.291Z
7205,73885,2021-12-25T05:57:21.291Z
7205,46823,2021-12-11T22:57:21.291Z
7205,26955,2021-12-22T07:57:21.291Z
7205,28926,2021-12-20T20:57:21.291Z
7205,70148,2021-12-13T20:57:21.291Z
7208,54351,2021-12-09T21:07:56.586Z
7208,95261,2021-12-14T22:07:56.586Z
7208,58582,2021-12-28T07:07:56.586Z
7210,62202,2021-12-23T23:24:31.200Z
7210,94703,2021-12-26T00:24:31.200Z
7210,61264,2021-12-20T02:24:31.200Z
7210,10253,2021-12-17T01:24:31.200Z
7210,32039,2021-12-14T17:24:31.200Z
7210,79931,2021-12-26T23:24:31.200Z
7210,20378,2021-12-19T15:24:31.200Z
7210,92820,2021-12-27T10:24:31.200Z
7210,84106,2021-12-13T23:24:31.200Z
7210,25285,2021-12-23T01:24:31.200Z
7210,25869,2021-12-20T09:24:31.200Z
7218,91368,2021-12-17T05:03:18.594Z
7218,37216,2021-12-17T03:03:18.594Z
7218,10592,2022-01-03T07:03:18.594Z
7219,70148,2021-12-22T13:11:12.984Z
7219,72513,2021-12-23T05:11:12.984Z
7219,45806,2021-12-19T12:11:12.984Z
7219,20378,2021-12-26T02:11:12.984Z
7219,95045,2021-12-29T00:11:12.984Z
7219,78552,2021-12-16T08:11:12.984Z
7219,69579,2021-12-21T09:11:12.984Z
7219,80297,2021-12-18T11:11:12.984Z
7219,53624,2022-01-02T07:11:12.984Z
7225,49624,2021-12-21T01:08:28.442Z
7225,23513,2021-12-25T18:08:28.442Z
7225,28212,2021-12-21T12:08:28.442Z
7225,13221,2022-01-04T11:08:28.442Z
7225,64457,2021-12-20T16:08:28.442Z
7225,98277,2022-01-04T11:08:28.442Z
7225,89314,2021-12-18T14:08:28.442Z
7225,32039,2022-01-04T20:08:28.442Z
7225,92820,2021-12-23T18:08:28.442Z
7225,93983,2021-12-29T22:08:28.442Z
7225,49214,2021-12-24T14:08:28.442Z
7225,96975,2022-01-07T08:08:28.442Z
7225,73885,2021-12-30T21:08:28.442Z
7225,51140,2021-12-22T11:08:28.442Z
7225,94828,2022-01-01T22:08:28.442Z
7225,79931,2021-12-30T14:08:28.442Z
7225,57951,2021-12-24T06:08:28.442Z
7225,86127,2022-01-01T15:08:28.442Z
7225,46338,2021-12-31T07:08:28.442Z
7225,33640,2021-12-19T19:08:28.442Z
7225,43017,2022-01-02T14:08:28.442Z
7225,75154,2022-01-06T12:08:28.442Z
7225,34902,2021-12-20T13:08:28.442Z
7225,83244,2021-12-23T02:08:28.442Z
7225,93231,2021-12-23T23:08:28.442Z
7231,54351,2021-12-29T20:11:22.144Z
7231,78587,2021-12-25T06:11:22.144Z
7238,54351,2021-12-20T17:05:45.625Z
7238,36832,2022-01-07T04:05:45.625Z
7238,94953,2022-01-06T06:05:45.625Z
7240,62202,2021-12-28T08:16:49.042Z
7240,63877,2021-12-24T07:16:49.042Z
7240,53624,2021-12-27T07:16:49.042Z
7240,61192,2021-12-22T16:16:49.042Z
7240,19205,2021-12-29T11:16:49.042Z
7241,62202,2022-01-02T08:59:33.012Z
7241,97279,2021-12-23T01:59:33.012Z
7241,97006,2022-01-07T01:59:33.012Z
7241,38554,2021-12-31T06:59:33.012Z
7241,41500,2021-12-24T10:59:33.012Z
7241,88979,2021-12-25T23:59:33.012Z
7241,53663,2022-01-09T09:59:33.012Z
7241,92880,2021-12-26T04:59:33.012Z
7241,87277,2021-12-25T19:59:33.012Z
7241,80297,2021-12-30T03:59:33.012Z
7241,83560,2022-01-06T00:59:33.012Z
7246,42483,2021-12-26T05:55:45.217Z
7246,32805,2021-12-24T18:55:45.217Z
7246,23834,2022-01-09T13:55:45.217Z
7246,26083,2022-01-09T20:55:45.217Z
7246,10253,2022-01-06T00:55:45.217Z
7246,64506,2021-12-25T11:55:45.217Z
7246,21818,2022-01-01T08:55:45.217Z
7248,20531,2022-01-11T00:25:25.286Z
7248,34757,2021-12-25T19:25:25.286Z
7252,24290,2022-01-09T07:44:22.527Z
7252,71690,2022-01-04T07:44:22.527Z
7252,49624,2022-01-09T15:44:22.527Z
7252,16635,2022-01-09T01:44:22.527Z
7252,47408,2022-01-03T14:44:22.527Z
7252,80451,2021-12-25T04:44:22.527Z
7252,98277,2022-01-10T15:44:22.527Z
7253,54351,2021-12-29T15:50:04.067Z
7253,63877,2022-01-07T13:50:04.067Z
7254,54351,2022-01-11T21:05:06.898Z
7254,63877,2022-01-06T10:05:06.898Z
7254,53624,2022-01-08T15:05:06.898Z
7254,94703,2022-01-13T07:05:06.898Z
7254,53663,2022-01-04T09:05:06.898Z
7254,67035,2021-12-25T12:05:06.898Z
7254,86814,2022-01-04T12:05:06.898Z
7254,23883,2021-12-26T03:05:06.898Z
7254,52008,2021-12-31T10:05:06.898Z
7254,91877,2022-01-10T23:05:06.898Z
7254,41704,2021-12-25T16:05:06.898Z
7254,83270,2022-01-06T12:05:06.898Z
7254,58139,2022-01-09T07:05:06.898Z
7254,60132,2022-01-01T08:05:06.898Z
7254,54430,2022-01-08T20:05:06.898Z
7254,94953,2021-12-28T23:05:06.898Z
7254,41844,2021-12-27T07:05:06.898Z
7254,33221,2022-01-06T08:05:06.898Z
7254,32499,2021-12-31T07:05:06.898Z
7254,36755,2022-01-01T01:05:06.898Z
7254,28074,2022-01-02T00:05:06.898Z
7254,16128,2021-12-27T22:05:06.898Z
7254,95365,2022-01-12T22:05:06.898Z
7254,58137,2022-01-03T05:05:06.898Z
7254,29601,2022-01-06T02:05:06.898Z
7259,27296,2021-12-29T23:27:13.650Z
7259,79541,2022-01-10T07:27:13.650Z
7259,80297,2022-01-01T15:27:13.650Z
7259,57951,2022-01-06T10:27:13.650Z
7259,86991,2022-01-10T16:27:13.650Z
7259,23883,2022-01-02T06:27:13.650Z
7259,64959,2021-12-28T20:27:13.650Z
7262,71690,2021-12-28T00:07:34.322Z
7262,53624,2022-01-09T08:07:34.322Z
7262,80520,2022-01-03T23:07:34.322Z
7262,64289,2022-01-12T07:07:34.322Z
7262,23883,2022-01-01T10:07:34.322Z
7263,54351,2022-01-10T20:40:15.604Z
7263,88685,2021-12-28T20:40:15.604Z
7263,89314,2022-01-15T00:40:15.604Z
7263,81433,2022-01-15T05:40:15.604Z
7263,43726,2021-12-31T00:40:15.604Z
7263,55945,2021-12-28T02:40:15.604Z
7266,71690,2022-01-08T13:17:21.677Z
7266,83244,2022-01-07T00:17:21.677Z
7266,88979,2021-12-28T20:17:21.677Z
7266,50328,2022-01-12T05:17:21.677Z
7266,81529,2022-01-14T06:17:21.677Z
7266,95635,2022-01-15T09:17:21.677Z
7266,27932,2022-01-14T00:17:21.677Z
7266,26955,2021-12-28T16:17:21.677Z
7266,77548,2021-12-29T15:17:21.677Z
7266,74979,2022-01-07T21:17:21.677Z
7266,26083,2022-01-10T00:17:21.677Z
7269,80297,2021-12-29T09:28:45.594Z
7269,33221,2021-12-30T13:28:45.594Z
7272,54351,2022-01-10T13:30:53.026Z
7272,42483,2021-12-30T10:30:53.026Z
7274,66709,2022-01-09T09:06:15.464Z
7274,96099,2022-01-08T05:06:15.464Z
7274,98277,2022-01-05T09:06:15.464Z
7282,71879,2022-01-08T08:37:00.234Z
7282,77548,2022-01-14T17:37:00.234Z
7282,41519,2021-12-28T23:37:00.234Z
7282,77685,2022-01-17T11:37:00.234Z
7282,51140,2022-01-13T20:37:00.234Z
7282,30682,2022-01-01T20:37:00.234Z
7282,46630,2022-01-17T16:37:00.234Z
7282,33145,2022-01-07T11:37:00.234Z
7291,46338,2022-01-11T03:01:35.573Z
7291,71690,2022-01-13T06:01:35.573Z
7291,15033,2022-01-02T05:01:35.573Z
7292,24290,2022-01-02T21:42:17.415Z
7292,54674,2022-01-07T16:42:17.415Z
7292,94703,2022-01-19T22:42:17.415Z
7296,76755,2022-01-14T23:10:46.770Z
7296,97252,2022-01-09T13:10:46.770Z
7296,75446,2022-01-10T00:10:46.770Z
7297,91368,2022-01-04T14:48:42.101Z
7297,76523,2022-01-08T23:48:42.101Z
7297,75154,2022-01-10T22:48:42.101Z
7299,46338,2022-01-16T18:12:53.850Z
7299,71690,2022-01-05T01:12:53.850Z
7299,92132,2022-01-14T01:12:53.850Z
7299,16128,2022-01-22T03:12:53.850Z
7299,88685,2022-01-20T07:12:53.850Z
7299,95635,2022-01-11T04:12:53.850Z
7299,81600,2022-01-19T11:12:53.850Z
7299,86991,2022-01-03T12:12:53.850Z
7299,71773,2022-01-21T19:12:53.850Z
7299,26861,2022-01-12T08:12:53.850Z
7299,45806,2022-01-13T18:12:53.850Z
7299,52008,2022-01-15T13:12:53.850Z
7299,22142,2022-01-05T13:12:53.850Z
7299,63901,2022-01-14T15:12:53.850Z
7299,97252,2022-01-14T14:12:53.850Z
7299,16954,2022-01-18T23:12:53.850Z
7299,76755,2022-01-12T04:12:53.850Z
7299,93983,2022-01-20T18:12:53.850Z
7299,21818,2022-01-15T02:12:53.850Z
7299,80297,2022-01-20T03:12:53.850Z
7299,36338,2022-01-03T02:12:53.850Z
7299,27002,2022-01-14T10:12:53.850Z
7299,50328,2022-01-12T05:12:53.850Z
7299,79913,2022-01-19T06:12:53.850Z
7299,86127,2022-01-20T09:12:53.850Z
7299,79541,2022-01-14T04:12:53.850Z
7299,20915,2022-01-12T01:12:53.850Z
7299,64506,2022-01-08T14:12:53.850Z
7299,10247,2022-01-15T22:12:53.850Z
