user_id,friend_id,since
54351,52513,2020-05-07
54351,68271,2021-06-05
54351,62202,2020-09-11
54351,78587,2020-04-23
54351,22060,2018-12-30
54351,26083,2019-12-04
54351,64506,2017-03-03
54351,19743,2020-06-08
54351,71879,2021-09-30
54351,25869,2020-05-21
54351,74311,2021-02-22
54351,33531,2021-08-19
54351,63877,2019-04-21
54351,92529,2021-10-21
54351,39080,2018-12-16
54351,98849,2021-02-16
54351,78552,2020-06-24
54351,71399,2021-11-21
54351,83560,2016-09-08
54351,84522,2016-09-04
54351,55362,2019-01-17
54351,91877,2021-06-24
54351,76523,2021-03-06
54351,95261,2021-03-17
54351,32805,2020-02-16
54351,49182,2020-07-19
54351,65283,2017-03-25
54351,80297,2020-03-03
54351,73885,2020-01-14
54351,49106,2019-07-03
54351,34757,2017-04-14
54351,77548,2021-08-30
54351,15148,2021-08-10
54351,77540,2020-10-28
54351,80520,2017-09-20
54351,80545,2021-05-22
54351,57951,2021-02-23
54351,84106,2020-11-19
54351,61131,2021-01-27
54351,61264,2018-04-12
54351,10592,2021-06-13
54351,11816,2017-02-20
54351,52750,2019-09-25
54351,94701,2021-03-04
54351,90124,2021-03-05
54351,36151,2021-11-08
54351,54923,2021-06-10
54351,70148,2021-07-28
54351,33640,2019-10-29
54351,79913,2021-11-15
54351,67035,2020-10-30
54351,71048,2020-11-16
54351,64289,2020-09-02
54351,75154,2020-09-13
54351,27348,2017-07-24
54351,23073,2021-02-02
54351,23883,2021-03-15
54351,26861,2020-02-28
54351,60086,2017-08-24
54351,50328,2019-10-13
54351,19587,2018-05-16
54351,79931,2018-08-07
54351,94828,2016-07-17
54351,86814,2017-05-25
54351,48055,2019-04-05
54351,55945,2021-06-15
54351,46823,2020-03-04
54351,44858,2021-08-28
54351,88979,2021-09-24
54351,29692,2020-06-26
54351,45806,2021-09-11
54351,43726,2021-08-04
54351,92818,2019-08-12
54351,98277,2021-01-29
54351,81921,2021-11-30
54351,63901,2021-02-27
54351,73833,2021-03-01
54351,33145,2020-08-30
54351,40781,2020-09-04
54351,95365,2020-10-28
54351,72568,2021-11-12
54351,46436,2020-11-17
54351,17338,2021-08-02
54351,76755,2021-02-21
54351,23834,2020-09-18
13221,41844,2021-11-28
13221,73885,2021-11-29
52513,79541,2020-08-18
52513,63877,2021-03-15
52513,76444,2020-09-03
52513,61131,2020-10-31
52513,54923,2020-07-27
52513,26983,2020-02-14
52513,73833,2021-04-07
68271,21818,2020-03-14
68271,26083,2020-11-03
68271,63877,2020-05-11
68271,49182,2020-03-12
68271,15148,2021-11-26
68271,28212,2020-07-30
68271,31031,2019-11-15
68271,45806,2021-03-02
36832,71879,2021-11-22
36832,61192,2020-11-25
36832,99331,2021-01-24
36832,81064,2020-06-27
36832,25285,2019-01-24
36832,55362,2020-10-17
36832,91877,2021-06-30
36832,86966,2020-01-30
36832,69390,2021-05-19
36832,31031,2021-01-22
36832,87236,2020-02-27
36832,49214,2021-03-26
36832,55945,2021-01-03
36832,92818,2021-10-18
36832,38339,2019-09-09
36832,28074,2021-10-05
27296,78587,2020-01-01
27296,39308,2019-10-06
27296,54674,2021-09-24
27296,19205,2019-09-28
27296,16128,2019-12-31
27296,24340,2021-08-14
27296,28212,2019-10-29
27296,96099,2021-10-26
27296,22142,2019-12-28
27296,97279,2021-11-12
27296,46704,2021-05-21
27296,68422,2021-06-15
79541,17050,2020-09-27
79541,71879,2021-01-09
79541,88297,2020-09-19
79541,32982,2019-05-28
79541,16402,2021-11-10
79541,16128,2021-08-02
79541,26983,2021-03-21
79541,19587,2019-11-17
79541,79931,2021-01-28
79541,44858,2021-06-19
24290,96454,2018-06-30
24290,22060,2020-01-05
24290,80069,2021-11-27
24290,92529,2019-02-12
24290,41704,2019-11-23
24290,38554,2019-12-15
24290,64128,2020-04-10
24290,74979,2020-06-10
24290,60619,2019-10-24
24290,52750,2021-02-27
24290,31628,2020-07-04
24290,51982,2020-04-11
24290,89314,2020-12-02
24290,71261,2021-09-04
24290,21276,2018-11-11
24290,18142,2021-07-19
24290,32697,2021-06-07
17050,79872,2020-05-05
17050,25869,2021-07-26
17050,99331,2020-09-19
17050,88297,2020-08-29
17050,36338,2019-01-09
17050,94703,2019-11-21
17050,81467,2016-10-17
17050,92132,2020-07-25
17050,77540,2020-12-28
17050,17343,2021-04-22
17050,84106,2021-04-03
17050,92820,2021-05-01
17050,61131,2020-07-25
17050,18849,2017-05-24
17050,50328,2021-01-25
17050,88227,2021-07-18
17050,48055,2017-05-23
17050,55945,2021-03-12
17050,46823,2020-03-18
17050,36501,2021-03-12
17050,88979,2018-12-25
17050,96099,2019-10-15
17050,15778,2018-03-07
17050,71697,2018-10-24
17050,95365,2016-12-27
62202,78587,2020-01-04
62202,74828,2017-07-27
62202,25869,2019-08-24
62202,79721,2021-11-21
62202,91368,2020-12-07
62202,76444,2015-11-14
62202,86966,2021-03-13
62202,16402,2020-10-13
62202,39792,2018-02-25
62202,43017,2018-09-15
62202,61131,2020-07-23
62202,94701,2018-07-15
62202,70148,2021-11-27
62202,72168,2020-12-03
62202,25148,2018-12-07
62202,14347,2021-01-10
62202,76728,2021-01-04
62202,50328,2017-08-29
62202,94828,2021-09-16
62202,55945,2021-01-22
62202,45806,2021-08-20
62202,68422,2021-09-11
70905,21818,2021-09-04
70905,15148,2021-03-08
70905,49817,2019-09-08
70905,97532,2020-03-31
78587,21818,2019-07-10
78587,74311,2020-04-23
78587,92529,2021-03-12
78587,22127,2021-03-14
78587,99331,2020-08-16
78587,99332,2021-09-06
78587,37871,2021-06-20
78587,32805,2020-08-18
78587,16635,2021-09-02
78587,23513,2021-08-17
78587,73885,2019-06-03
78587,57951,2021-10-02
78587,47408,2021-05-12
78587,11816,2018-06-02
78587,70148,2020-10-22
78587,97532,2018-07-28
78587,32631,2021-05-24
78587,64289,2021-01-28
78587,75154,2020-01-10
78587,41500,2021-03-17
78587,15554,2020-05-03
78587,81433,2020-12-14
78587,52008,2019-07-03
78587,98277,2020-09-17
42483,92529,2020-07-27
42483,61192,2021-08-31
42483,71399,2021-04-04
42483,86966,2021-02-27
42483,41519,2017-06-10
42483,71261,2021-05-15
42483,33145,2015-07-05
42483,75446,2018-10-31
96454,46338,2018-10-04
96454,10920,2018-03-10
96454,49624,2019-11-29
96454,73885,2020-02-17
96454,41519,2020-11-28
22060,80069,2021-01-06
22060,53624,2021-03-27
22060,76523,2021-04-29
22060,25272,2021-06-02
22060,81467,2019-04-07
22060,55416,2021-09-09
22060,40781,2019-11-17
21818,56862,2021-08-03
21818,33531,2021-10-15
21818,92529,2021-07-14
21818,90415,2021-09-10
21818,89628,2021-09-26
21818,94070,2020-06-14
21818,41519,2020-07-04
21818,58944,2018-06-08
21818,17561,2018-02-04
21818,31628,2020-11-28
21818,96099,2017-11-01
21818,52008,2018-07-30
21818,47619,2019-07-29
60999,86966,2021-03-04
26083,96975,2021-09-04
26083,53624,2021-02-12
26083,41704,2018-04-20
26083,71399,2021-07-07
26083,55362,2016-12-07
26083,76523,2020-08-22
26083,86966,2021-07-18
26083,73885,2020-06-23
26083,77548,2020-09-04
26083,80520,2021-02-01
26083,94701,2018-01-22
26083,70148,2020-11-20
26083,19032,2021-06-22
26083,28212,2019-11-16
26083,23883,2021-10-05
26083,81433,2017-01-25
26083,92880,2021-09-20
26083,81921,2021-06-05
26083,95365,2020-07-12
92115,74828,2018-11-24
92115,54674,2021-09-09
92115,79721,2020-02-29
92115,33221,2017-01-07
92115,36151,2021-06-12
92115,79913,2020-03-09
92115,71067,2020-11-06
92115,45806,2020-09-22
92115,20378,2021-01-20
92115,30682,2021-06-05
92115,47619,2021-02-16
74461,22127,2021-04-21
74461,87277,2020-08-02
74461,61192,2020-07-15
74461,38554,2021-07-13
74461,49182,2021-11-29
74461,80297,2021-09-12
74461,34757,2020-08-06
74461,57951,2021-02-02
74461,66709,2021-11-10
74461,84106,2021-06-24
74461,71773,2020-06-08
74461,35382,2020-11-14
64506,94953,2018-06-12
64506,77548,2021-08-03
64506,95635,2021-07-17
74828,57951,2021-01-08
74828,99614,2018-04-20
74828,51140,2021-03-10
79872,80069,2021-08-15
79872,54674,2021-05-30
79872,74979,2021-09-25
79872,57951,2021-11-28
79872,32631,2021-11-10
80069,46338,2020-12-29
80069,87277,2021-09-30
80069,41704,2021-11-11
80069,94953,2020-11-28
80069,95261,2021-02-08
80069,81101,2021-02-10
80069,74979,2021-10-29
80069,94070,2021-08-01
80069,15148,2021-04-21
80069,17343,2021-09-01
80069,34306,2021-11-19
80069,81600,2021-03-06
80069,27002,2021-07-04
80069,52427,2021-08-13
80069,51982,2021-05-14
80069,77685,2021-06-16
80069,38339,2021-08-15
80069,28926,2021-07-13
19743,46338,2021-08-22
19743,41704,2020-12-09
19743,95261,2021-11-01
19743,89314,2021-05-26
71879,99331,2021-06-07
71879,81178,2020-11-24
71879,17343,2021-11-17
71879,36151,2021-01-27
71879,31031,2021-10-22
71879,34285,2021-04-25
71879,96099,2021-10-14
71879,30682,2021-07-15
71879,97252,2021-10-08
39308,17343,2021-10-19
39308,53305,2019-05-05
39308,86991,2019-02-18
39308,86127,2021-06-08
39308,30682,2021-09-14
39308,13199,2019-03-12
29956,10247,2020-04-10
29956,86966,2021-08-01
29956,16128,2021-05-02
29956,34902,2020-03-21
29956,86991,2020-03-04
29956,41500,2021-07-03
46338,41844,2018-09-28
46338,99331,2021-10-26
46338,99332,2021-08-03
46338,65283,2020-07-06
46338,80297,2019-08-22
46338,33221,2019-11-05
46338,89628,2021-02-05
46338,25148,2019-11-12
46338,64457,2018-12-30
46338,28212,2021-05-01
46338,27348,2020-10-27
46338,52427,2021-08-25
46338,88979,2020-09-28
46338,22142,2019-10-12
25869,13164,2021-03-08
25869,33531,2021-06-19
25869,71690,2021-03-22
25869,20531,2021-08-14
25869,92132,2021-08-24
25869,53305,2020-03-17
25869,90124,2021-05-25
25869,36151,2019-11-14
25869,70148,2021-03-08
25869,91226,2019-02-12
25869,97532,2021-05-28
25869,72513,2021-06-29
25869,58137,2021-03-26
25869,35382,2019-03-25
25869,48204,2020-02-21
25869,45806,2021-07-13
25869,40781,2021-06-16
25869,46630,2021-03-05
25869,27689,2020-04-26
74311,39080,2021-06-12
74311,88297,2020-01-16
74311,71399,2021-05-23
74311,84522,2021-03-15
74311,64128,2021-09-14
74311,81467,2021-06-17
74311,34757,2020-03-02
74311,77548,2021-04-15
74311,68832,2021-05-16
74311,80520,2020-11-02
74311,57951,2021-03-03
74311,47408,2020-03-19
74311,83244,2020-08-06
74311,70148,2021-04-19
74311,74761,2021-09-11
74311,72436,2021-03-02
74311,14347,2021-09-08
74311,86814,2020-05-21
74311,81433,2021-10-03
74311,10636,2021-03-28
74311,96837,2020-03-14
74311,51140,2021-10-28
74311,97279,2020-12-10
74311,30682,2021-11-12
74311,81921,2021-02-05
74311,40781,2020-01-24
74311,46630,2020-09-24
74311,27689,2021-09-28
96975,89000,2021-06-25
96975,57951,2021-06-15
96975,67035,2021-01-10
96975,81433,2019-05-02
13164,83560,2019-07-18
13164,91877,2021-11-16
13164,89628,2021-08-19
13164,53663,2021-06-30
13164,10592,2020-04-06
13164,26861,2020-09-12
13164,72513,2021-10-14
13164,96837,2018-09-01
13164,95045,2021-10-22
56862,49624,2021-11-01
56862,25285,2017-04-21
56862,34757,2019-03-09
56862,17343,2021-07-09
56862,84106,2020-09-17
56862,92820,2019-05-13
56862,34902,2020-11-22
56862,61131,2021-08-11
56862,71048,2016-12-01
56862,97532,2018-11-20
56862,51457,2018-11-09
56862,32499,2021-08-29
56862,80451,2020-07-20
56862,83886,2021-10-30
56862,81433,2021-01-12
56862,43726,2021-05-26
56862,38339,2020-03-20
33531,76444,2021-09-21
33531,77548,2021-11-06
33531,68832,2021-09-09
33531,45806,2021-06-14
33531,38339,2021-06-15
63877,94927,2020-01-26
63877,91368,2019-06-22
63877,34757,2020-03-15
63877,77548,2020-09-10
63877,94701,2019-11-14
63877,32039,2021-11-11
63877,83270,2019-09-28
63877,72513,2021-08-11
63877,46823,2020-11-30
63877,17338,2019-04-29
92529,20531,2020-02-20
92529,93231,2021-09-03
92529,53624,2020-05-25
92529,79721,2021-10-07
92529,94703,2019-05-03
92529,80297,2020-05-05
92529,16635,2021-02-18
92529,19205,2021-09-22
92529,60132,2021-09-04
92529,77548,2020-08-15
92529,57951,2021-10-26
92529,84106,2021-07-25
92529,47408,2021-09-01
92529,60619,2019-02-23
92529,88685,2019-03-06
92529,92820,2021-01-24
92529,34306,2020-12-03
92529,36151,2021-03-18
92529,49817,2020-12-14
92529,17561,2019-12-30
92529,89898,2019-02-16
92529,81600,2021-01-11
92529,23498,2019-04-29
92529,72474,2020-07-26
92529,31031,2021-02-07
92529,64289,2021-01-14
92529,87236,2021-08-23
92529,72436,2019-08-19
92529,76728,2021-01-14
92529,49214,2021-03-15
92529,71261,2021-10-02
92529,30015,2021-03-12
92529,52008,2021-02-03
92529,38339,2021-08-01
92529,16954,2020-01-02
90415,80545,2021-04-20
90415,57951,2021-11-27
90415,47408,2021-09-21
90415,61264,2020-01-18
90415,10592,2020-11-22
90415,90124,2020-05-29
90415,54923,2020-05-31
90415,23883,2021-09-23
39080,41844,2018-06-05
39080,78552,2021-06-29
39080,87277,2021-06-06
39080,53624,2021-01-29
39080,69460,2020-08-31
39080,93983,2020-06-06
39080,94703,2021-02-02
39080,23513,2021-10-02
39080,81467,2019-03-14
39080,77548,2021-06-05
39080,69390,2021-06-06
39080,34306,2021-06-06
39080,33640,2020-01-19
39080,72513,2021-03-27
39080,21830,2021-04-01
39080,30682,2020-03-25
39080,81921,2021-08-29
39080,46630,2021-03-28
39080,76755,2021-01-30
10920,90674,2019-09-05
10920,71048,2020-06-16
10920,64289,2021-07-23
10920,15775,2021-08-10
98849,22127,2021-02-06
98849,41844,2021-07-03
98849,37871,2018-02-01
98849,93983,2020-12-06
98849,79721,2020-07-19
98849,86966,2020-07-24
98849,23513,2021-10-17
98849,73885,2018-08-25
98849,74979,2020-06-02
98849,41519,2018-06-15
98849,24340,2021-01-31
98849,92820,2019-04-26
98849,69390,2021-08-03
98849,55416,2016-10-30
98849,31031,2019-11-03
98849,97532,2018-02-11
98849,88227,2020-10-03
98849,70172,2021-05-13
98849,71067,2021-06-09
98849,36501,2021-11-29
98849,32697,2021-06-27
98849,26955,2021-08-15
98849,76755,2020-03-31
22127,86966,2021-03-30
22127,20324,2021-07-01
22127,73885,2021-10-24
22127,46823,2021-10-23
22127,26955,2021-07-18
22127,28926,2021-02-19
50703,55362,2019-09-09
50703,58944,2018-07-31
50703,60619,2018-01-23
50703,90674,2021-11-28
50703,32039,2021-11-23
50703,52008,2019-12-30
50703,97252,2021-02-22
41844,94927,2017-04-14
41844,61192,2021-11-25
41844,10247,2021-07-08
41844,93983,2020-02-27
41844,80297,2019-05-18
41844,58944,2018-05-20
41844,32631,2021-04-23
41844,15554,2018-02-09
41844,71067,2019-06-11
41844,97279,2021-08-12
41844,68422,2021-11-05
71690,38554,2017-02-14
71690,89628,2019-08-03
71690,89000,2019-05-22
71690,62557,2021-02-05
71690,64457,2020-04-14
71690,83270,2019-07-22
71690,74761,2019-02-21
71690,79931,2021-07-07
71690,54430,2021-05-23
71690,45806,2020-11-28
71690,32697,2018-12-07
71690,20915,2019-06-04
71690,46630,2021-10-26
20531,94701,2019-07-15
20531,23883,2021-07-25
20531,45806,2020-05-18
20531,64959,2020-10-27
93231,79721,2020-01-10
93231,31031,2021-10-31
93231,77685,2020-06-12
93231,52008,2021-10-23
93231,38339,2019-08-17
93231,33145,2021-02-05
94927,38554,2018-07-28
94927,89000,2021-06-28
94927,79913,2018-02-14
78552,71399,2021-06-15
78552,76444,2016-09-30
78552,89628,2019-10-06
78552,77548,2021-05-28
78552,80520,2018-09-30
78552,10592,2018-02-07
78552,62557,2018-08-22
78552,90674,2018-08-28
78552,87236,2020-11-09
78552,58137,2021-11-01
78552,86814,2017-06-14
87277,41704,2020-12-31
87277,36755,2021-09-26
87277,41519,2020-05-07
87277,79913,2020-07-14
87277,64289,2021-01-15
87277,87236,2020-07-15
87277,29601,2021-10-04
87277,86814,2020-05-09
53624,93983,2020-06-29
53624,36755,2021-09-29
53624,91368,2020-05-30
53624,23513,2021-10-05
53624,60132,2021-08-26
53624,77548,2021-01-09
53624,80520,2020-05-13
53624,57951,2021-09-18
53624,47408,2021-06-18
53624,88685,2021-10-07
53624,53305,2021-02-17
53624,34306,2021-10-13
53624,33640,2021-03-17
53624,90674,2021-08-06
53624,26861,2021-01-11
53624,50328,2021-11-18
53624,79931,2021-04-01
53624,70172,2021-07-04
53624,45806,2021-08-31
53624,43726,2020-10-25
53624,20915,2021-01-14
53624,40781,2021-01-07
53624,46630,2021-08-31
53624,17338,2020-09-16
65378,58582,2020-07-15
65378,77548,2021-08-08
65378,81600,2019-10-15
65378,31031,2021-11-24
65378,52427,2021-05-19
65378,86127,2021-06-20
65378,97252,2021-06-22
65378,13199,2020-05-14
41704,49624,2021-05-06
41704,37871,2020-11-27
41704,79721,2020-09-03
41704,95261,2021-09-23
41704,80297,2020-06-09
41704,16635,2020-01-28
41704,32982,2017-12-05
41704,55815,2021-01-23
41704,47408,2019-07-03
41704,31628,2020-12-18
41704,48055,2019-10-25
41704,71067,2018-03-23
41704,51140,2020-10-24
41704,30682,2019-06-15
41704,97252,2021-08-30
41704,46630,2021-08-08
41704,76755,2020-05-06
61192,49624,2020-08-13
61192,91368,2021-11-30
61192,38554,2020-01-08
61192,58582,2021-02-10
61192,32982,2021-07-05
61192,27932,2021-08-04
61192,55815,2020-10-13
61192,47408,2020-06-13
61192,97532,2019-12-20
61192,96099,2020-03-28
61192,97279,2020-11-05
69460,72474,2019-04-24
69460,14347,2021-07-12
99331,88297,2020-10-28
99331,71399,2021-06-19
99331,54674,2021-02-03
99331,79721,2021-02-18
99331,82243,2021-11-01
99331,76523,2021-01-29
99331,58582,2021-06-15
99331,80297,2021-09-16
99331,17343,2021-02-22
99331,57951,2021-01-21
99331,53305,2021-07-06
99331,61264,2021-10-10
99331,94701,2021-07-18
99331,36151,2020-11-18
99331,54923,2020-07-30
99331,81600,2021-06-14
99331,25148,2020-07-30
99331,90674,2020-12-08
99331,32039,2021-02-24
99331,31628,2020-08-16
99331,29483,2020-12-29
99331,73833,2021-10-31
99331,46704,2021-09-09
99331,13199,2021-06-27
99332,32631,2021-04-09
49624,23513,2021-11-14
49624,61131,2020-07-27
49624,55416,2017-01-30
49624,86991,2021-05-07
49624,15554,2019-02-03
49624,96099,2018-05-01
49624,41388,2021-11-07
49624,32697,2020-10-05
81064,74979,2020-04-03
81064,15148,2020-07-13
81064,45806,2020-11-17
10247,55362,2019-03-12
10247,77548,2020-11-24
10247,84106,2021-09-05
10247,11816,2017-06-30
10247,94701,2019-07-09
10247,70148,2021-07-31
10247,32631,2021-11-10
10247,75154,2019-07-08
10247,86814,2018-06-15
10247,88979,2020-12-11
88297,61131,2020-10-06
88297,90674,2021-07-18
88297,45806,2021-07-19
88297,51140,2020-03-17
88297,95365,2018-08-09
37871,16635,2021-08-29
37871,23513,2021-11-29
37871,55945,2021-02-13
37871,20378,2017-08-20
36338,23513,2021-07-05
36338,11816,2021-05-29
36338,19032,2021-09-03
94953,91877,2021-10-14
94953,21154,2021-06-23
94953,89000,2020-05-21
94953,33640,2020-06-07
94953,46704,2021-11-28
71399,54674,2021-03-06
71399,91877,2021-10-05
71399,76523,2021-11-12
71399,65283,2021-03-08
71399,53663,2021-06-28
71399,84106,2021-10-13
71399,61131,2021-05-22
71399,61264,2021-05-12
71399,36151,2021-03-17
71399,54923,2021-09-12
71399,69579,2021-03-07
71399,52093,2021-10-16
71399,22142,2021-06-21
71399,46630,2021-10-03
71399,28074,2021-05-10
25285,79721,2021-06-27
25285,95261,2018-11-12
25285,81101,2021-08-23
25285,33221,2019-04-06
25285,86966,2021-10-15
25285,21154,2020-04-20
25285,88685,2021-07-09
25285,72474,2019-07-01
25285,33640,2021-04-28
25285,31628,2019-11-26
25285,86127,2021-11-07
25285,18142,2021-08-21
25285,68422,2021-08-07
25285,23834,2021-03-16
25285,28074,2021-09-10
93983,94703,2021-10-03
93983,33221,2021-09-02
93983,83244,2019-10-26
93983,25148,2021-06-05
93983,54430,2021-09-11
93983,30682,2020-08-29
83560,91877,2021-11-21
83560,81467,2018-12-08
83560,80520,2020-01-27
83560,84106,2021-11-20
83560,10592,2016-01-31
83560,54923,2020-12-21
83560,86991,2019-03-17
83560,69579,2020-07-29
83560,83886,2020-09-22
84522,38554,2018-08-06
84522,94703,2018-08-11
84522,25148,2021-04-29
84522,35382,2020-07-12
84522,73833,2021-04-13
54674,55362,2021-06-17
54674,76444,2020-08-30
54674,80297,2021-03-12
54674,33221,2021-01-06
54674,86966,2020-09-15
54674,68832,2020-09-13
54674,34902,2021-04-20
54674,69390,2021-08-19
54674,36151,2020-10-20
54674,54923,2021-08-29
54674,19032,2021-07-26
54674,64457,2021-09-17
54674,83270,2021-10-08
54674,27002,2021-07-07
54674,21276,2021-10-20
54674,83886,2021-02-05
54674,85191,2021-11-30
54674,30682,2021-03-29
54674,28926,2021-04-22
55362,32039,2021-07-27
55362,26983,2021-03-22
55362,26861,2021-03-06
91877,49182,2021-10-22
91877,65283,2021-10-10
91877,60132,2021-07-24
91877,69390,2021-09-26
91877,67035,2021-07-03
91877,51140,2021-10-03
91877,81921,2021-07-10
91877,16954,2021-08-16
91877,13199,2021-07-14
91877,28074,2021-08-28
36755,81467,2018-11-16
36755,29483,2018-08-05
75801,76444,2021-04-23
75801,60132,2021-04-14
75801,82901,2020-12-14
75801,88979,2019-12-05
79721,76444,2020-04-08
79721,81101,2021-09-11
79721,77548,2021-05-11
79721,88685,2021-10-26
79721,19032,2021-09-21
79721,91226,2021-06-01
79721,79913,2020-02-24
79721,32039,2020-12-19
79721,52427,2021-07-16
79721,21276,2020-03-29
79721,34285,2019-11-09
79721,38339,2021-03-18
79721,72568,2021-02-03
79721,46704,2021-02-26
82243,58582,2021-05-07
82243,65283,2021-11-06
82243,17561,2020-04-03
82243,96837,2021-09-04
91368,19205,2020-05-24
91368,77548,2020-09-14
91368,10592,2020-07-28
91368,72513,2021-08-02
91368,54430,2020-07-20
91368,45806,2021-03-17
91368,54875,2018-10-31
38554,80297,2021-10-20
38554,23513,2021-10-04
38554,73885,2018-05-22
38554,47408,2019-12-22
38554,90124,2021-02-26
38554,70148,2020-12-11
38554,18849,2016-11-27
38554,95365,2020-07-27
38554,68422,2021-07-05
38554,76755,2019-04-03
76523,60132,2021-02-04
76523,70148,2020-11-20
76523,89898,2021-08-07
76523,58137,2019-11-18
76523,54430,2020-08-23
76523,81433,2021-04-05
76523,81921,2021-11-24
76523,13199,2021-10-17
95261,76444,2019-03-30
95261,17561,2019-04-15
95261,31031,2019-09-23
95261,71048,2018-08-02
95261,58139,2020-10-12
95261,64289,2021-02-28
95261,87236,2019-08-16
95261,49214,2021-04-27
95261,46704,2020-09-02
58582,81101,2020-10-31
58582,64128,2021-11-22
58582,21154,2021-09-30
58582,88685,2019-01-16
58582,31031,2018-11-07
58582,71048,2017-10-10
58582,70172,2020-12-09
58582,36501,2021-02-13
58582,86127,2021-11-22
58582,92880,2019-10-30
58582,95045,2021-05-19
58582,30682,2020-05-25
58582,73833,2021-09-18
58582,46704,2020-12-05
76444,92132,2020-07-05
76444,54923,2020-05-22
76444,62557,2016-03-28
76444,51948,2019-12-29
76444,26983,2021-11-23
76444,26861,2019-09-26
76444,27002,2021-06-17
76444,14347,2021-08-03
76444,52427,2021-11-09
76444,51457,2017-08-22
76444,55945,2021-06-02
76444,45806,2021-01-23
76444,98277,2021-10-29
76444,15775,2021-08-15
76444,81921,2021-04-17
32805,80297,2020-10-31
32805,23513,2021-08-10
32805,19032,2021-11-11
32805,33640,2019-11-28
32805,31628,2019-11-14
32805,71067,2020-11-12
32805,43726,2020-01-07
32805,75446,2018-10-19
94703,57951,2021-08-23
94703,24340,2020-09-02
94703,61264,2019-08-31
94703,11816,2018-12-26
94703,52750,2019-10-01
94703,94701,2021-05-13
94703,36151,2020-01-15
94703,97532,2018-11-30
94703,60086,2020-11-03
94703,94828,2021-10-14
94703,21276,2018-11-20
94703,29692,2018-07-22
94703,46630,2021-10-11
94703,17338,2020-04-24
49182,16402,2020-11-06
49182,89000,2018-02-18
49182,10592,2019-04-19
49182,54923,2020-05-23
49182,31628,2021-10-22
65283,25272,2018-07-30
65283,57951,2021-09-21
65283,61131,2020-08-02
65283,52750,2019-09-22
65283,34306,2021-04-22
65283,25148,2019-11-30
80297,20324,2021-03-30
80297,34757,2021-11-20
80297,89000,2019-11-06
80297,16128,2020-09-26
80297,66709,2021-07-28
80297,47408,2019-06-27
80297,92820,2020-08-23
80297,53305,2021-01-25
80297,27895,2019-10-02
80297,11816,2019-04-11
80297,69390,2020-01-09
80297,36151,2019-03-18
80297,82901,2019-07-01
80297,97532,2018-09-15
80297,32631,2021-10-16
80297,41500,2019-06-21
80297,36501,2020-09-27
80297,88979,2020-04-17
80297,52008,2020-09-02
80297,97279,2020-12-08
80297,26955,2021-07-24
80297,28074,2020-05-07
81101,94070,2021-01-14
81101,57951,2021-08-13
81101,29483,2020-08-26
81101,46704,2021-08-09
97006,23513,2021-07-15
97006,77548,2021-02-14
97006,60619,2019-12-17
33221,16635,2021-03-18
33221,27895,2020-10-28
33221,92818,2018-07-16
33221,95365,2019-07-10
64128,23513,2021-10-13
64128,58944,2018-10-20
64128,25782,2021-10-30
64128,33640,2020-01-26
64128,19587,2021-06-12
64128,79931,2017-11-28
64128,76755,2021-08-01
86966,23513,2021-07-13
86966,57951,2021-09-06
86966,47408,2021-03-27
86966,90124,2020-09-12
86966,17561,2019-11-01
86966,28212,2021-08-24
86966,81393,2021-04-26
86966,97532,2021-11-13
86966,41500,2020-10-06
86966,49214,2019-09-15
86966,71261,2020-11-29
86966,29692,2021-09-24
86966,20378,2021-02-03
86966,22142,2020-08-20
86966,30682,2020-06-18
86966,46704,2020-10-11
16635,52427,2020-02-23
16635,32697,2020-05-02
16635,46704,2020-11-07
20324,36151,2020-12-21
20324,43726,2020-06-05
19205,47408,2021-11-04
19205,37216,2020-02-20
19205,10592,2020-02-28
19205,81529,2021-05-21
19205,38339,2020-02-06
19205,54875,2019-09-17
19205,64959,2021-07-22
19205,46704,2021-10-27
23513,55815,2021-08-19
23513,80520,2021-08-22
23513,80545,2021-11-12
23513,66709,2021-08-21
23513,58944,2021-10-04
23513,47408,2021-06-30
23513,10592,2021-08-01
23513,81600,2021-10-17
23513,71773,2021-11-22
23513,26861,2021-08-20
23513,96099,2021-11-03
23513,52093,2021-10-06
23513,85191,2021-09-02
23513,41388,2021-09-17
23513,22142,2021-08-14
23513,46630,2021-08-09
23513,68422,2021-10-11
25272,77548,2021-10-18
25272,31628,2018-11-22
25272,72513,2021-03-06
25272,58137,2020-01-19
25272,14347,2020-11-10
25272,71697,2018-06-09
25272,46630,2021-09-11
89628,92132,2021-11-06
89628,16128,2018-08-13
89628,88685,2021-08-22
89628,95635,2021-11-30
89628,81600,2019-04-14
89628,86991,2017-11-30
89628,71773,2020-01-31
89628,26861,2018-06-13
89628,45806,2020-05-28
89628,52008,2019-06-13
89628,96837,2017-02-28
89628,22142,2019-11-06
89628,63901,2020-11-21
89628,97252,2020-10-02
89628,16954,2019-04-18
89628,95365,2017-06-26
89628,76755,2021-11-13
81467,16402,2021-05-04
81467,10592,2020-11-11
81467,79931,2021-05-03
81467,10636,2021-01-22
81467,70449,2021-06-14
73885,53305,2019-08-01
73885,52750,2018-09-05
73885,33640,2020-09-13
73885,52008,2018-05-09
73885,97252,2021-08-10
73885,46630,2021-01-06
32982,57951,2021-03-24
32982,31031,2018-09-15
32982,85191,2020-10-24
49106,57951,2021-03-17
49106,19032,2021-09-16
49106,28212,2019-01-22
49106,19587,2021-11-29
49106,83886,2021-05-03
49106,96099,2019-12-31
49106,26955,2021-05-01
49106,46630,2021-01-13
49106,28926,2021-08-01
16402,69579,2020-07-21
16402,55945,2021-10-20
16402,27689,2021-01-12
74979,25782,2021-09-13
74979,31031,2020-02-08
74979,29483,2020-05-16
74979,52008,2021-10-16
92132,35382,2021-04-11
92132,52427,2020-11-23
92132,68422,2021-05-13
34757,24340,2020-10-01
34757,47408,2018-08-09
34757,92820,2020-01-18
34757,33640,2021-03-02
34757,41500,2019-06-22
34757,14347,2021-04-12
34757,80451,2019-04-25
34757,15778,2020-04-21
34757,22142,2020-08-26
34757,64959,2021-10-01
53663,72436,2017-07-14
53663,44858,2021-10-29
53663,81433,2016-01-08
53663,20378,2021-10-17
53663,17338,2021-08-31
60132,44858,2021-08-15
27932,17561,2021-08-23
21154,46630,2021-09-30
77548,81178,2021-08-31
77548,77540,2021-10-26
77548,61131,2020-09-07
77548,27895,2021-06-24
77548,11816,2021-06-20
77548,94701,2021-10-30
77548,36151,2021-04-01
77548,72168,2021-08-23
77548,67035,2021-10-09
77548,52427,2021-09-05
77548,48055,2021-07-27
77548,51457,2020-10-09
77548,48204,2020-09-27
77548,55945,2021-03-25
77548,88979,2020-09-22
77548,15778,2021-09-13
77548,92818,2021-09-19
77548,94892,2021-07-28
77548,51140,2021-10-21
77548,71697,2020-08-04
77548,73833,2021-01-31
94070,81600,2021-06-04
94070,10636,2021-08-28
81178,41519,2018-03-22
81178,77685,2021-09-15
81178,51140,2020-04-21
81178,30682,2021-07-28
81178,46630,2021-06-14
89000,83244,2020-01-01
89000,88979,2021-11-13
89000,20915,2019-09-15
15148,60619,2020-06-07
15148,52750,2021-09-18
15148,88979,2021-05-16
68832,64289,2020-02-28
68832,15778,2020-03-24
55815,24340,2021-07-19
55815,96837,2020-02-11
55815,28926,2019-05-10
77540,69579,2019-05-31
77540,80451,2019-07-08
80520,47408,2020-02-29
80520,82901,2021-06-04
80520,25148,2019-05-06
80520,15033,2021-06-25
80520,64289,2021-09-08
80520,81921,2020-12-26
80520,20915,2018-11-24
80545,51948,2021-08-21
41519,90674,2020-10-14
41519,32631,2021-11-02
41519,64289,2021-11-11
41519,87236,2021-10-07
41519,52008,2019-07-01
41519,97252,2020-10-27
17343,34902,2021-02-25
17343,83244,2021-08-24
17343,90124,2021-10-23
17343,27348,2021-06-23
17343,29483,2021-04-30
17343,96099,2021-04-11
17343,95365,2021-02-13
17343,23834,2021-02-21
39792,70148,2021-09-06
39792,33145,2020-05-31
39792,27689,2019-08-26
57951,16128,2021-10-29
57951,47408,2021-07-29
57951,61131,2021-02-19
57951,94701,2021-10-28
57951,90124,2021-03-13
57951,72634,2021-11-29
57951,23883,2021-10-06
57951,55945,2021-08-06
57951,99614,2021-04-24
57951,44858,2021-07-08
57951,77685,2021-04-08
57951,45806,2020-12-24
57951,95045,2021-03-27
57951,70449,2021-01-25
57951,36861,2021-04-22
57951,46630,2021-09-13
57951,28926,2021-10-31
57951,28074,2021-06-10
16128,47408,2021-09-20
16128,86991,2021-03-25
16128,23883,2021-07-24
16128,64959,2019-04-08
66709,43017,2021-11-03
66709,24340,2021-05-04
66709,70148,2021-05-18
58944,51948,2019-04-27
58944,45806,2020-08-29
84106,82901,2021-01-13
84106,23883,2021-03-14
84106,71261,2020-11-25
84106,92880,2021-04-08
84106,46436,2021-03-10
43017,96099,2019-06-28
43017,98277,2021-03-11
24340,47408,2020-09-24
24340,51140,2020-12-04
24340,22142,2021-01-26
24340,26955,2021-01-23
24340,46704,2021-09-22
24340,68422,2021-06-30
47408,83244,2018-07-08
47408,19032,2021-10-12
47408,89898,2019-01-17
47408,25148,2019-04-12
47408,86991,2019-10-02
47408,79931,2018-07-10
47408,88227,2021-01-25
47408,55945,2021-02-03
47408,52093,2019-05-11
47408,98277,2019-01-11
47408,32697,2021-05-03
47408,46630,2021-09-19
47408,13199,2021-07-10
60619,41500,2019-04-05
60619,34285,2021-05-04
60619,15778,2020-12-04
60619,63901,2021-11-07
60619,97252,2021-03-20
88685,89898,2019-12-28
88685,32039,2021-11-26
88685,64289,2021-07-15
88685,27348,2019-04-29
88685,23073,2021-11-22
88685,96099,2021-02-03
88685,52008,2021-10-06
88685,86127,2021-07-04
88685,75446,2021-04-24
95635,89898,2019-12-19
95635,72513,2021-10-15
95635,35382,2020-06-20
92820,28212,2018-12-05
92820,67035,2021-10-02
92820,71773,2019-09-22
92820,32631,2021-05-06
92820,81529,2019-10-03
92820,98277,2019-07-05
92820,92880,2020-12-22
34902,18849,2021-10-19
34902,27348,2019-04-23
83244,52750,2016-08-25
83244,64289,2020-01-12
53305,69390,2019-06-12
53305,97532,2020-04-05
53305,30682,2020-03-06
61131,27895,2020-08-28
61131,94701,2021-11-24
61131,23498,2021-09-03
61131,28212,2021-05-01
61131,58137,2021-08-21
61131,35382,2021-08-21
61131,88227,2021-10-06
61131,86814,2021-02-06
61131,70172,2021-01-19
61131,71261,2021-01-09
61131,29692,2021-03-17
61131,81433,2021-01-01
61131,15778,2021-08-02
61131,51140,2020-10-23
61131,95045,2020-11-21
61131,54875,2021-11-07
61131,46704,2021-05-02
61131,68422,2021-10-13
27895,28212,2021-11-19
27895,55945,2021-10-07
37216,97532,2018-08-14
61264,94828,2020-07-29
61264,88979,2021-10-07
61264,81921,2021-03-21
61264,47619,2021-07-10
61264,73833,2021-11-16
10592,82901,2019-12-09
10592,15775,2021-07-28
10592,16954,2021-10-05
11816,36151,2019-08-06
11816,49817,2019-05-01
11816,91226,2021-09-30
11816,23073,2020-12-17
11816,48055,2018-06-19
11816,92880,2021-01-30
11816,81921,2021-09-02
11816,46704,2021-06-01
52750,86991,2021-05-18
52750,81529,2018-11-21
52750,71067,2021-11-15
94701,70148,2021-04-10
94701,69579,2019-10-28
94701,72513,2020-12-06
94701,45806,2021-07-15
94701,81433,2017-11-01
94701,51140,2020-04-03
94701,30682,2021-09-14
94701,97252,2021-08-01
94701,16954,2020-05-05
90124,51948,2020-09-19
90124,27002,2021-11-24
90124,58137,2020-11-26
90124,44858,2021-11-20
90124,52093,2020-08-22
90124,46436,2020-06-28
69390,72634,2021-09-20
69390,72436,2020-05-06
69390,60086,2020-05-11
69390,35382,2021-07-29
69390,55945,2021-02-06
69390,44858,2021-11-12
34306,48204,2021-06-12
25782,89314,2021-01-26
36151,26861,2020-01-30
36151,79931,2018-02-05
36151,71261,2021-10-27
36151,96099,2018-06-16
36151,21830,2021-06-12
36151,38339,2021-09-25
36151,51140,2019-07-18
36151,15775,2021-11-05
36151,70449,2020-01-10
36151,33145,2021-06-21
49817,54923,2021-09-15
49817,32499,2021-11-16
49817,38339,2021-01-16
54923,89898,2021-10-05
54923,91226,2020-05-25
54923,18849,2021-05-23
54923,75154,2020-10-05
54923,87236,2021-05-21
54923,52093,2020-11-25
54923,45806,2021-10-08
54923,38339,2021-10-06
54923,98277,2021-05-13
70148,79913,2021-01-22
70148,67035,2021-02-26
70148,31628,2021-08-14
70148,64289,2020-12-22
70148,76728,2021-09-17
70148,55945,2021-07-02
70148,85191,2021-01-27
62557,72168,2021-09-18
62557,31031,2018-06-25
82901,86814,2018-10-25
19032,17561,2021-11-16
19032,67035,2021-10-31
19032,15033,2021-09-08
19032,15775,2021-11-04
19032,36861,2021-11-10
17561,81600,2021-07-25
17561,67035,2020-05-08
17561,64289,2021-05-11
17561,27348,2020-11-24
17561,49214,2019-04-02
17561,30015,2018-11-20
17561,15778,2019-04-05
17561,94892,2021-09-04
17561,15775,2021-05-03
72168,50328,2018-02-13
72168,95045,2021-08-28
89898,51982,2021-04-02
72634,41500,2020-11-15
72634,71067,2019-08-27
72634,76755,2019-08-29
81600,81393,2021-11-04
23498,14347,2020-12-05
23498,89314,2021-10-31
23498,70172,2021-09-17
10253,94828,2021-11-04
10253,55945,2021-05-18
25148,81393,2021-05-18
25148,51140,2021-10-30
25148,54875,2020-08-14
72474,79913,2019-09-17
72474,32039,2020-11-21
72474,26983,2020-05-20
72474,87236,2020-03-28
72474,26861,2019-01-27
72474,49214,2019-04-23
72474,32697,2018-07-31
91226,52427,2021-04-06
91226,81433,2017-11-02
64457,96837,2019-02-22
33640,55945,2021-10-29
33640,46630,2021-03-08
28212,41388,2021-01-06
28212,30682,2019-07-16
79913,64289,2020-12-30
79913,72436,2019-06-01
79913,36501,2021-02-27
79913,86127,2021-07-11
79913,97252,2020-11-30
51948,86814,2020-07-03
51948,81921,2021-10-25
51948,68422,2021-05-05
51948,76755,2021-10-13
86991,97532,2017-10-30
86991,29483,2020-02-01
86991,88227,2021-03-12
86991,80451,2021-02-09
31031,31628,2019-02-18
31031,64289,2021-07-28
31031,49214,2020-12-06
31031,21276,2020-03-22
31031,34285,2019-05-22
31031,52008,2020-02-08
31031,73833,2020-09-09
31031,97602,2018-10-13
31031,28074,2020-07-16
67035,21276,2021-02-02
67035,15775,2021-01-12
67035,17338,2020-03-21
90674,95045,2020-09-20
81393,15554,2021-07-17
81393,19587,2021-09-26
81393,52427,2021-10-30
81393,15778,2021-07-07
32039,94828,2021-04-14
32039,51982,2019-09-04
32039,49214,2019-08-27
32039,89314,2021-10-17
32039,71261,2021-07-25
32039,52093,2019-09-13
32039,15778,2020-09-20
32039,22142,2021-04-14
32039,68422,2021-11-14
69579,16954,2021-11-02
15033,72513,2021-03-28
15033,54430,2021-05-07
15033,81921,2021-08-20
31628,71048,2019-08-01
31628,23073,2021-10-22
31628,71261,2021-05-03
31628,96099,2020-05-21
31628,77685,2020-09-01
31628,15778,2019-10-08
31628,97252,2021-11-23
71048,71067,2017-02-03
83270,45806,2021-04-15
18849,97532,2018-10-20
26983,63901,2021-09-07
26983,46436,2020-04-09
71773,72568,2021-11-01
97532,79931,2019-10-20
97532,48055,2020-06-30
97532,92880,2020-05-20
97532,64959,2020-07-07
32631,89314,2021-05-18
32631,71067,2021-06-06
32631,22142,2021-04-08
58139,27348,2017-03-03
58139,49214,2017-07-04
64289,89314,2021-06-16
64289,92880,2020-03-08
64289,63901,2020-01-08
64289,20915,2020-01-31
75154,23883,2021-10-08
75154,54430,2020-12-09
27348,34285,2021-05-07
23073,89314,2021-08-16
23073,81433,2021-10-28
87236,52427,2021-09-26
87236,10636,2021-02-07
87236,15778,2020-03-03
87236,63901,2021-02-26
87236,76755,2021-02-04
23883,20915,2021-05-13
23883,76755,2021-08-27
26861,72513,2021-01-06
26861,88227,2020-06-26
26861,48055,2018-04-08
26861,55945,2021-04-20
26861,83886,2021-05-12
26861,71697,2018-04-17
26861,81921,2021-05-30
26861,63901,2018-10-13
26861,36861,2018-09-09
72513,76728,2021-02-09
72513,51140,2021-10-19
72513,63901,2020-11-24
72513,95365,2021-01-25
27002,71697,2021-05-17
72436,29483,2021-03-10
72436,88979,2018-08-18
72436,18142,2021-06-03
72436,46704,2021-03-03
41500,29601,2021-04-20
60086,71697,2020-07-10
15554,95365,2021-01-31
81529,15778,2020-12-01
81529,92880,2020-07-15
14347,48055,2020-07-04
14347,43726,2021-03-29
14347,73833,2021-08-04
14347,46704,2021-02-24
76728,45806,2021-11-26
76728,20378,2020-07-01
50328,45806,2020-06-12
19587,71067,2018-11-30
19587,13199,2020-12-04
35382,52427,2020-03-16
35382,46823,2021-07-05
35382,30682,2019-07-16
35382,81921,2021-11-24
79931,94828,2019-04-24
79931,22142,2019-12-18
79931,16954,2018-02-17
52427,77685,2021-02-05
52427,97279,2021-04-11
52427,97252,2021-04-18
94828,20378,2021-09-13
29483,64959,2018-11-08
88227,30682,2021-06-17
51982,77685,2021-08-28
51982,45806,2021-08-29
51982,81433,2017-09-03
51982,52008,2019-12-03
51982,81921,2021-07-24
51982,13199,2020-12-12
49214,85191,2021-02-10
49214,95045,2020-11-11
49214,18142,2021-10-29
49214,26955,2021-08-31
86814,52093,2021-09-26
86814,72568,2021-03-11
86814,17338,2021-03-25
48055,46630,2020-07-26
32499,63901,2021-09-16
89314,71261,2021-02-22
89314,20378,2021-08-28
89314,97252,2021-06-11
71261,92880,2021-08-17
71261,95365,2021-04-14
71261,68422,2021-05-27
55945,45806,2021-10-16
55945,81921,2021-03-21
55945,46630,2021-04-24
99614,83886,2020-08-06
80451,29692,2019-09-08
80451,32697,2021-01-12
30015,30682,2020-09-29
83886,16954,2020-12-05
34285,96099,2021-04-08
71067,96099,2021-01-02
71067,94892,2021-09-13
71067,46704,2021-01-23
71067,76755,2021-08-27
36501,81433,2020-09-03
36501,85191,2021-02-09
88979,45806,2021-10-02
88979,81433,2020-04-27
88979,71697,2021-07-09
96099,97279,2020-12-25
96099,64959,2021-04-19
77685,81921,2021-11-13
77685,52236,2021-08-29
52093,71697,2021-11-05
52093,73833,2021-01-03
54430,10636,2021-03-08
45806,20378,2020-11-03
45806,96837,2020-11-21
45806,71697,2020-10-30
45806,18142,2021-06-23
45806,81921,2021-07-12
81433,38339,2020-03-23
81433,51140,2020-11-07
85191,68422,2021-08-08
43726,63901,2019-03-07
43726,33145,2021-06-13
15778,23834,2021-09-17
20378,70449,2019-09-30
52008,97279,2021-08-30
52008,46704,2020-07-14
52008,46630,2020-12-20
96837,46704,2021-08-07
51140,46630,2020-10-31
51140,97602,2020-10-02
51140,23834,2020-08-17
98277,95365,2019-05-21
98277,46630,2021-07-25
71697,81921,2021-08-31
97279,26955,2021-06-16
95045,52236,2021-06-02
81921,73833,2021-10-15
26955,95365,2021-10-07
26955,46630,2021-04-30
20915,13199,2019-12-31
97252,13199,2021-08-13
64959,28074,2021-07-07
73833,33145,2021-03-09
36861,72568,2021-10-17
95365,68422,2021-08-24
95365,17338,2019-01-11
46630,68422,2021-09-25
97602,76755,2019-02-13
