user_id,account_name,region,signup_date,photos_total,last_login
54351,ckaestne,us-east,2016-03-14,5124,2021-12-08T12:27:48.497Z
13221,eva.burk,eu-west,2021-11-28,3,2021-12-21T01:51:54.713Z
52513,emil_rossi,us-east,2020-01-20,47,2021-12-04T01:11:22.251Z
68271,emil_meyer,us-east,2019-11-07,31,2021-12-25T18:27:02.819Z
36832,ximena.kowalski,us-west,2016-04-24,18,2021-12-08T23:49:53.454Z
27296,chen_silva,eu-west,2019-08-08,134,2021-12-30T08:35:35.756Z
79541,olga_costa48,us-east,2018-01-20,79,2021-12-19T06:55:27.642Z
24290,quinnq,us-west,2018-06-18,154,2021-12-28T16:30:50.498Z
17050,wei.novak,us-east,2015-12-25,161,2021-12-26T08:04:58.596Z
62202,madams,us-east,2015-10-10,154,2021-12-31T05:46:43.052Z
70905,davidc,eu-west,2019-07-08,106,2021-12-31T23:59:59.000Z
78587,ivanb,eu-west,2017-02-20,60,2021-12-26T03:21:06.145Z
42483,fkowalski,eu-west,2015-01-30,124,2021-12-31T23:59:59.000Z
96454,felixu,us-west,2016-08-22,125,2021-12-31T23:59:59.000Z
22060,hiron,us-east,2018-12-27,134,2021-12-31T23:59:59.000Z
21818,ivan_huang,us-west,2017-08-04,46,2021-11-22T06:11:04.610Z
60999,olga_jensen,eu-west,2021-03-01,95,2021-12-25T15:56:23.786Z
26083,carlap,us-east,2016-06-12,11,2021-11-03T18:09:38.243Z
92115,czimmer,asia-east,2015-10-16,177,2021-12-31T23:59:59.000Z
74461,kimd,eu-west,2019-12-12,240,2021-12-29T02:57:30.452Z
64506,luca.vogel,us-west,2015-05-24,87,2021-12-31T23:59:59.000Z
74828,ezimmer,us-east,2015-12-31,108,2021-12-27T16:04:14.587Z
79872,amir.vogel,us-east,2018-12-13,22,2021-12-26T22:51:28.716Z
80069,carla.dubois,us-west,2020-11-23,384,2021-12-31T23:59:59.000Z
19743,tara_burk27,us-west,2017-04-06,3,2021-07-30T06:03:28.139Z
71879,idubois,us-west,2020-07-21,99,2021-12-26T17:15:55.721Z
39308,gabev79,us-west,2016-05-25,8,2021-12-27T00:23:08.790Z
29956,rosak,eu-west,2020-01-25,32,2021-10-25T23:24:06.207Z
46338,ivan.evans,us-west,2017-03-29,81,2021-12-26T23:48:13.554Z
25869,tara_huang58,us-east,2018-12-24,17,2021-12-13T06:00:05.436Z
74311,biancad,us-east,2020-01-03,45,2021-12-31T23:59:59.000Z
96975,tara_meyer,us-east,2018-10-28,44,2021-12-30T19:13:34.108Z
13164,cokafor,us-east,2018-08-17,48,2021-12-27T07:58:23.581Z
56862,bianca_adams,asia-east,2016-10-22,77,2021-12-31T23:59:59.000Z
33531,ximenab21,us-east,2021-05-25,48,2021-12-25T20:21:34.384Z
63877,grace_rossi,us-east,2018-07-20,63,2021-12-21T20:27:43.943Z
92529,gadams,us-west,2018-12-03,71,2021-12-28T22:03:28.914Z
90415,lito,us-east,2019-07-02,20,2021-11-30T21:15:55.168Z
39080,jamal.vogel,us-east,2018-05-19,11,2021-12-29T21:10:49.270Z
10920,emil.okafor69,us-west,2015-04-08,245,2021-12-31T23:59:59.000Z
98849,yusuf_wang,eu-west,2016-07-22,160,2021-12-31T23:59:59.000Z
22127,vera_quist21,eu-west,2021-01-12,36,2021-12-07T00:59:35.610Z
50703,ycosta,us-west,2018-01-18,37,2021-12-31T23:59:59.000Z
41844,ben.dubois,eu-west,2017-01-25,298,2021-12-31T23:59:59.000Z
71690,weiw,us-east,2016-02-19,81,2021-12-27T09:15:02.305Z
20531,weiu,us-east,2018-02-26,8,2021-10-04T20:03:54.924Z
93231,lena.baker,us-west,2018-09-25,71,2021-12-29T21:43:14.914Z
94927,chenl,eu-west,2017-02-28,200,2021-12-28T13:03:00.306Z
78552,priya.patel82,us-east,2016-05-22,18,2021-12-21T20:41:50.944Z
87277,adubois,us-west,2019-11-26,44,2021-12-13T00:03:36.611Z
53624,kofi.nakamura,us-east,2020-05-03,24,2021-12-28T23:42:30.121Z
65378,bianca.novak,us-west,2019-06-13,109,2021-12-31T08:42:00.666Z
41704,ines_fischer31,asia-east,2016-07-04,146,2021-12-31T23:59:59.000Z
61192,zoe_rossi,eu-west,2019-11-12,34,2021-12-22T15:53:18.252Z
69460,jkowalski,eu-west,2015-06-19,18,2021-11-27T02:07:22.656Z
99331,chenj77,us-west,2020-07-29,357,2021-12-31T23:59:59.000Z
99332,mayaj,eu-west,2021-03-29,46,2021-12-31T23:59:59.000Z
49624,maya.evans,eu-west,2016-09-23,14,2021-12-22T18:38:50.082Z
81064,umar.novak,us-west,2017-07-02,162,2021-12-31T23:59:59.000Z
10247,david_xu,us-east,2015-09-18,858,2021-12-31T02:14:05.575Z
88297,davidm52,us-east,2018-06-07,108,2021-12-31T23:59:59.000Z
37871,vera.fischer,eu-west,2017-04-23,95,2021-12-31T23:59:59.000Z
36338,chen.meyer,us-east,2016-11-08,124,2021-12-28T12:54:27.271Z
94953,inesn,us-west,2016-08-15,88,2021-12-31T23:59:59.000Z
71399,ines_jensen,us-east,2021-02-27,43,2021-12-27T13:59:05.528Z
25285,wei_evans,us-west,2015-01-22,78,2021-12-28T15:39:35.524Z
93983,sami,us-east,2019-08-29,72,2021-12-27T11:20:16.209Z
83560,ivan.okafor1,us-east,2015-07-15,85,2021-12-28T01:37:55.905Z
84522,fatima_wang,us-east,2015-02-23,885,2021-12-31T23:59:59.000Z
54674,vera_adams,asia-east,2020-08-22,82,2021-12-30T14:24:28.200Z
55362,nquist76,us-east,2015-06-07,25,2021-12-24T23:58:42.710Z
91877,zoe.dubois,us-east,2021-05-14,19,2021-12-19T11:48:39.817Z
36755,sam_dubois82,us-east,2018-04-18,143,2021-12-31T07:00:25.514Z
75801,asilva17,us-east,2019-02-09,42,2021-12-26T18:23:18.898Z
79721,fbaker,us-west,2019-09-27,102,2021-12-31T23:59:59.000Z
82243,olga_ueda,us-east,2020-02-13,56,2021-12-27T21:16:55.848Z
91368,gyilmaz,us-east,2018-07-04,28,2021-12-25T15:01:27.730Z
38554,amir.lopez,eu-west,2015-05-27,331,2021-12-31T18:15:38.071Z
76523,uhuang,us-east,2019-05-31,1029,2021-12-31T23:59:59.000Z
95261,gabe_huang,us-west,2018-07-24,125,2021-12-31T23:59:59.000Z
58582,felix_adams16,us-west,2017-07-02,15,2021-12-23T11:57:42.094Z
76444,zoe.jensen,us-east,2015-03-30,161,2021-12-27T12:25:37.096Z
32805,olga.silva,eu-west,2017-12-13,17,2021-11-02T15:03:36.425Z
94703,fatima.silva80,us-east,2017-08-25,1198,2021-12-31T23:59:59.000Z
49182,hnovak,us-east,2016-08-27,20,2021-10-20T12:46:16.560Z
65283,kim_quist64,us-east,2015-08-30,420,2021-12-31T23:59:59.000Z
80297,qito94,eu-west,2018-07-07,55,2021-12-30T23:13:11.931Z
81101,ben.yilmaz,us-west,2020-08-04,12,2021-12-19T09:14:17.636Z
97006,bbaker,eu-west,2017-10-22,99,2021-12-31T23:59:59.000Z
33221,hueda,asia-east,2015-05-12,50,2021-12-31T23:59:59.000Z
64128,ivan_novak,asia-east,2015-11-15,38,2021-12-31T19:09:59.081Z
86966,chen_costa71,eu-west,2019-03-18,237,2021-12-31T23:59:59.000Z
16635,maya_zimmer,eu-west,2018-10-08,57,2021-12-26T21:59:32.642Z
20324,lena_costa,eu-west,2020-05-18,42,2021-12-30T09:15:56.430Z
19205,djensen,eu-west,2019-08-11,68,2021-12-31T23:59:59.000Z
23513,ines_huang,eu-west,2021-06-03,23,2021-12-29T18:53:58.172Z
25272,ximena_silva,us-east,2015-08-23,54,2021-12-29T04:54:34.781Z
89628,lenan,us-west,2016-03-16,165,2021-12-31T23:59:59.000Z
81467,tara.adams,us-east,2015-07-30,355,2021-12-31T23:59:59.000Z
73885,jamalu,eu-west,2018-02-02,110,2021-12-31T23:59:59.000Z
32982,dana.burk,eu-west,2015-03-17,9,2021-10-31T18:52:53.841Z
49106,gabe_vogel53,us-east,2019-01-14,39,2021-12-20T14:45:35.609Z
16402,felixl,us-east,2019-07-21,37,2021-12-29T17:42:15.418Z
74979,jamalx,us-west,2019-01-06,34,2021-12-07T08:25:43.067Z
92132,vera.ueda,us-east,2020-03-13,64,2021-12-27T21:17:23.988Z
34757,nadia.baker65,eu-west,2016-06-26,153,2021-12-31T23:59:59.000Z
53663,nmeyer,us-east,2015-09-24,69,2021-12-29T19:42:02.532Z
60132,bkowalski,us-east,2020-07-11,18,2021-12-26T03:22:24.151Z
27932,ffischer,us-west,2021-03-03,61,2021-12-27T08:58:18.779Z
21154,jamal_adams,us-west,2019-03-03,59,2021-11-29T06:13:44.974Z
77548,ben_ueda,us-east,2020-07-22,60,2021-12-15T01:14:44.523Z
94070,inesb33,us-west,2020-02-12,45,2021-12-27T05:55:24.846Z
81178,dyilmaz,us-east,2017-02-16,25,2021-12-30T00:41:02.529Z
89000,pdubois,us-east,2016-12-04,17,2021-12-27T20:52:22.642Z
15148,ximenao8,us-east,2019-08-14,357,2021-12-31T23:45:11.346Z
68832,mayah,us-east,2017-04-04,450,2021-12-31T23:59:59.000Z
55815,elena.jensen,eu-west,2017-08-18,114,2021-12-27T19:09:32.882Z
77540,ines.ito98,us-east,2018-12-20,52,2021-12-31T23:59:59.000Z
80520,jquist69,us-east,2015-01-30,249,2021-12-31T23:59:59.000Z
80545,quinn.patel,us-east,2021-02-27,87,2021-12-31T23:59:59.000Z
41519,tcosta,us-west,2017-03-30,159,2021-12-31T23:59:59.000Z
17343,cadams,us-west,2020-12-23,37,2021-12-31T10:53:39.971Z
39792,bianca_fischer,asia-east,2017-02-14,46,2021-12-31T23:59:59.000Z
57951,ivanv,us-east,2020-12-19,49,2021-12-21T18:01:28.346Z
16128,jamal.quist,eu-west,2016-10-15,65,2021-12-29T22:46:11.030Z
66709,nadia_wang,eu-west,2021-04-24,28,2021-12-28T02:09:16.541Z
58944,dfischer,eu-west,2018-04-12,26,2021-12-22T00:50:46.390Z
84106,felixm,us-east,2020-09-01,79,2021-12-16T02:33:19.400Z
43017,hokafor12,eu-west,2017-12-09,23,2021-12-26T03:22:53.674Z
24340,kzimmer,eu-west,2020-09-01,41,2021-12-28T16:16:11.067Z
47408,hanab,eu-west,2017-11-15,42,2021-12-31T12:48:27.530Z
60619,rosam10,us-west,2015-12-11,73,2021-12-31T23:59:59.000Z
88685,ivan.ueda81,us-west,2018-08-16,9,2021-08-25T15:13:29.346Z
95635,annav,us-west,2018-04-20,35,2021-12-27T06:22:59.523Z
92820,nadia.novak,eu-west,2018-08-15,106,2021-12-31T23:59:59.000Z
34902,dana_costa,asia-east,2016-12-16,83,2021-12-11T16:11:22.872Z
83244,nhuang,us-east,2015-06-04,397,2021-12-31T23:59:59.000Z
53305,gaben,eu-west,2018-04-13,20,2021-11-03T20:59:55.845Z
61131,fatima_novak80,us-east,2020-07-14,223,2021-12-31T23:59:59.000Z
27895,wei_silva57,us-east,2018-01-06,149,2021-12-28T18:09:08.029Z
37216,yusuf_tanaka,eu-west,2018-08-01,27,2021-10-30T03:43:03.152Z
61264,davids,us-east,2016-04-29,57,2021-12-29T02:27:02.290Z
10592,vera_ito,us-east,2015-08-07,90,2021-12-16T14:47:56.124Z
11816,ximena.garcia12,us-east,2017-01-07,22,2021-12-31T17:13:22.388Z
52750,yusuf_kowalski,asia-east,2015-08-26,30,2021-12-23T15:27:18.937Z
94701,rosa.burk,us-east,2016-11-27,35,2021-12-27T03:51:29.221Z
90124,njensen,us-east,2020-05-18,39,2021-12-31T23:59:59.000Z
69390,marco_silva,asia-east,2015-01-27,24,2021-10-17T09:48:14.440Z
34306,kofi_baker,us-east,2019-12-01,39,2021-12-28T05:06:30.913Z
25782,tito,asia-east,2020-07-21,294,2021-12-31T23:59:59.000Z
36151,pyilmaz,us-east,2017-12-02,58,2021-12-28T14:43:43.072Z
49817,gabek,us-west,2017-07-12,131,2021-12-31T23:59:59.000Z
54923,jmeyer,us-east,2020-04-28,17,2021-10-17T18:59:15.334Z
70148,anna.quist,us-east,2020-10-22,51,2021-12-28T12:49:09.773Z
62557,yusuf.burk,us-east,2016-01-13,112,2021-12-31T23:59:59.000Z
82901,nadia_jensen,us-east,2017-03-27,105,2021-12-27T09:03:19.462Z
19032,fquist,us-east,2021-06-20,148,2021-12-30T01:29:06.937Z
17561,cnovak,us-west,2015-03-19,102,2021-12-31T23:59:59.000Z
72168,fatima.kowalski,us-east,2017-06-15,276,2021-12-31T23:59:59.000Z
89898,fatima_quist,us-west,2016-09-18,13,2021-12-27T22:40:17.012Z
72634,samz,asia-east,2019-07-07,59,2021-12-19T01:25:46.254Z
55416,wei_lopez,eu-west,2016-09-10,154,2021-12-27T06:50:12.577Z
81600,epatel,us-west,2018-07-29,76,2021-12-26T04:10:42.997Z
23498,ivand,us-west,2018-12-15,8,2021-12-20T23:29:03.162Z
10253,umarv,us-east,2020-01-21,1,2021-09-25T14:32:53.610Z
25148,jquist2,us-east,2018-09-24,12,2021-12-23T19:45:41.581Z
72474,verar86,us-west,2017-06-14,28,2021-12-25T00:43:30.533Z
91226,annaw,us-east,2015-09-22,72,2021-12-29T06:21:12.282Z
64457,umar.xu,us-east,2016-09-08,494,2021-12-31T23:59:59.000Z
33640,qburk,us-east,2019-09-11,139,2021-12-26T14:03:07.075Z
28212,felix.baker,eu-west,2016-01-26,111,2021-12-31T04:39:38.990Z
79913,david.okafor,us-west,2017-06-02,193,2021-12-31T23:59:59.000Z
51948,ben_huang,us-east,2018-02-03,55,2021-12-27T09:53:39.118Z
86991,jamal.yilmaz,eu-west,2017-08-04,64,2021-12-25T04:00:13.687Z
31031,amirf,us-west,2017-12-09,28,2021-12-27T17:29:31.418Z
67035,kofi.novak,us-east,2019-12-06,33,2021-12-28T23:30:14.349Z
90674,benp,us-west,2017-05-07,82,2021-12-24T18:33:52.793Z
81393,ajensen,eu-west,2021-04-23,12,2021-09-25T18:36:23.243Z
32039,grace.costa,us-west,2019-08-27,66,2021-12-29T15:55:30.332Z
69579,samj,us-east,2016-11-26,40,2021-12-21T20:46:41.323Z
15033,lena_costa26,us-east,2021-02-15,16,2021-12-31T23:59:59.000Z
31628,lnovak,us-west,2018-11-16,16,2021-12-21T14:32:40.648Z
71048,noahy,asia-east,2016-04-09,15,2021-12-11T21:48:28.542Z
83270,ines_nakamura,us-east,2015-07-04,301,2021-12-31T23:59:59.000Z
18849,hpatel17,eu-west,2015-10-03,29,2021-12-24T07:38:48.947Z
26983,amir.ito,us-east,2019-10-17,43,2021-12-29T09:48:10.777Z
71773,emilp,eu-west,2019-06-02,15,2021-09-01T14:56:56.143Z
97532,marco_ito,eu-west,2017-07-27,89,2021-12-31T23:59:59.000Z
32631,lrossi,eu-west,2021-03-11,48,2021-12-24T17:48:58.073Z
58139,hana_vogel,us-west,2016-02-14,10,2021-12-27T12:42:37.614Z
64289,rosak73,us-west,2019-12-24,55,2021-11-24T02:02:03.321Z
75154,agarcia,us-east,2018-11-21,328,2021-12-31T23:59:59.000Z
27348,julia_xu68,us-west,2015-12-24,6,2021-11-24T03:05:58.030Z
23073,tara.yilmaz,us-west,2020-11-21,537,2021-12-31T23:59:59.000Z
87236,priya_silva31,us-west,2016-02-23,50,2021-12-22T15:45:52.271Z
23883,bburk,us-east,2021-03-09,433,2021-12-31T23:59:59.000Z
26861,amirg41,us-east,2018-04-06,19,2021-12-26T15:49:29.800Z
72513,elena_garcia,us-east,2020-07-21,125,2021-12-27T09:31:18.701Z
74761,fatima_ueda,us-east,2015-02-12,88,2021-12-26T14:14:39.210Z
27002,julia_wang,us-east,2021-05-09,48,2021-12-26T04:09:12.106Z
72436,dana.ito,us-west,2017-01-26,109,2021-12-31T23:59:59.000Z
41500,fmeyer,eu-west,2019-01-21,28,2021-11-26T09:12:27.437Z
60086,hiro_meyer,us-east,2017-04-28,45,2021-12-30T04:29:29.655Z
15554,grace.xu,eu-west,2017-08-05,52,2021-12-17T16:41:17.467Z
58137,pcosta,us-east,2019-10-29,24,2021-12-27T20:48:27.334Z
29601,maya.yilmaz,eu-west,2019-07-02,77,2021-12-30T05:28:59.439Z
81529,lena.meyer3,eu-west,2018-04-29,7,2021-12-05T04:59:13.927Z
14347,hiro.okafor,us-east,2020-05-31,92,2021-12-28T17:31:34.190Z
76728,luca.lopez,us-east,2019-03-22,345,2021-12-31T23:59:59.000Z
50328,ines.dubois,us-east,2016-07-01,29,2021-11-22T00:00:34.326Z
19587,maya_fischer,us-east,2017-04-03,27,2021-12-31T23:59:59.000Z
35382,ximena.ito,asia-east,2019-03-24,743,2021-12-31T19:40:35.195Z
79931,luca.wang,us-east,2017-08-30,154,2021-12-30T02:04:10.776Z
52427,lenap8,us-west,2019-11-11,91,2021-12-28T19:41:10.542Z
94828,udubois,us-east,2015-09-06,64,2021-12-10T18:38:42.088Z
29483,zoe_meyer,us-west,2018-01-11,395,2021-12-31T23:59:59.000Z
88227,sam.kowalski,eu-west,2020-05-16,33,2021-12-07T10:40:19.909Z
51982,nadiar83,us-west,2015-05-19,76,2021-12-28T23:57:01.342Z
49214,fatima.zimmer,us-west,2016-11-03,58,2021-12-31T23:59:59.000Z
86814,quinn_jensen,us-east,2016-06-29,13,2021-12-19T16:47:50.574Z
48055,amir.kowalski,us-east,2016-09-21,160,2021-12-31T23:59:59.000Z
51457,priya.adams,us-east,2017-06-20,53,2021-12-05T00:38:28.460Z
32499,quinnn65,us-west,2020-12-12,38,2021-12-24T21:25:48.656Z
89314,knovak,us-west,2020-12-02,33,2021-12-28T01:07:12.840Z
70172,danaw,us-west,2018-09-01,162,2021-12-26T03:08:16.312Z
48204,kim.garcia,us-east,2015-05-02,115,2021-12-28T10:50:09.683Z
71261,fatima_kowalski,us-west,2020-10-29,122,2021-12-29T08:55:24.944Z
55945,tara.wang53,us-east,2020-12-31,184,2021-12-31T03:33:36.300Z
99614,annan,us-east,2016-03-04,557,2021-12-31T23:59:59.000Z
80451,carla_nakamura78,asia-east,2019-03-30,25,2021-12-28T08:16:15.641Z
46823,efischer,us-east,2020-02-21,130,2021-12-28T11:48:00.005Z
44858,rosas,us-east,2021-02-08,87,2021-12-31T02:13:38.354Z
21276,luca.nakamura,us-west,2015-05-17,161,2021-12-31T23:59:59.000Z
30015,umar_meyer93,us-west,2017-01-02,15,2021-12-13T09:12:38.535Z
83886,kim.yilmaz,us-east,2020-05-20,52,2021-12-30T22:23:41.012Z
34285,kimy,us-west,2019-05-15,233,2021-12-31T23:59:59.000Z
71067,priya.tanaka11,asia-east,2016-02-07,14,2021-11-29T21:10:13.431Z
36501,anna.silva,eu-west,2020-05-13,40,2021-12-12T10:48:11.297Z
88979,emiln,us-east,2018-07-11,7,2021-10-17T04:08:55.805Z
96099,jamal_ito34,eu-west,2017-06-30,24,2021-12-25T18:55:26.927Z
77685,fxu,us-west,2019-08-29,34,2021-12-22T00:00:54.045Z
52093,jamali,us-east,2019-04-06,119,2021-12-16T06:43:45.135Z
29692,bokafor,eu-west,2018-02-17,79,2021-12-19T19:34:53.258Z
54430,david_rossi85,us-east,2020-06-20,15,2021-12-31T23:59:59.000Z
45806,nadiaz,us-east,2020-04-14,102,2021-12-31T23:59:59.000Z
81433,nadia.zimmer,us-east,2015-12-06,32,2021-11-20T05:10:52.748Z
85191,gabep98,eu-west,2019-03-07,55,2021-12-12T07:40:49.541Z
10636,pgarcia41,us-east,2020-11-23,30,2021-12-28T19:49:08.863Z
43726,gabe_dubois,us-east,2018-11-18,46,2021-12-25T23:51:21.183Z
15778,elenah,eu-west,2016-09-02,126,2021-12-27T01:43:02.315Z
21830,david.kowalski47,us-east,2021-02-16,135,2021-12-28T03:36:14.008Z
20378,noah_okafor7,us-east,2016-04-01,37,2021-12-19T13:47:30.659Z
92818,cevans,asia-east,2018-07-08,59,2021-12-03T07:22:32.760Z
52008,yvogel,us-west,2017-07-15,101,2021-12-26T19:26:29.010Z
94892,kim_ueda,us-east,2021-05-04,35,2021-12-28T05:38:06.830Z
38339,kofi.garcia,us-west,2018-10-16,171,2021-12-31T23:59:59.000Z
86127,hana_patel,us-west,2021-05-14,112,2021-12-31T23:59:59.000Z
96837,nsilva8,us-east,2015-10-11,48,2021-12-30T13:43:50.458Z
51140,kofig,us-east,2019-03-10,9,2021-07-13T21:54:04.864Z
98277,hiro_kowalski,eu-west,2017-08-26,12,2021-12-28T00:32:40.852Z
71697,udubois74,us-east,2017-07-18,30,2021-12-20T00:39:34.425Z
92880,quinn_ueda,asia-east,2019-04-30,40,2021-11-27T17:46:36.392Z
41388,uburk,eu-west,2020-03-26,126,2021-12-31T20:50:12.126Z
15775,mueda,us-east,2021-01-09,47,2021-12-30T12:43:36.566Z
22142,felix.garcia,eu-west,2019-09-21,27,2021-12-18T15:29:03.056Z
97279,wlopez58,eu-west,2020-05-14,7,2021-08-03T16:32:24.344Z
95045,knakamura,us-east,2020-09-12,118,2021-12-05T13:14:54.263Z
70449,luca_fischer,us-east,2019-08-13,61,2021-12-31T23:59:59.000Z
30682,annau,asia-east,2019-02-08,138,2021-12-31T23:59:59.000Z
18142,anna_silva,us-west,2021-05-20,167,2021-12-31T20:03:08.645Z
81921,kofi_costa,us-east,2020-12-25,146,2021-12-27T02:45:44.716Z
32697,maya.garcia,eu-west,2018-01-01,66,2021-12-27T16:04:04.268Z
63901,umar.evans,us-west,2018-08-16,419,2021-12-31T23:59:59.000Z
47619,emilb,us-west,2018-10-12,143,2021-12-28T19:54:18.765Z
26955,quinn_novak,eu-west,2020-12-03,13,2021-12-15T02:32:47.411Z
54875,luca_zimmer77,us-east,2015-05-02,113,2021-12-27T15:51:30.925Z
20915,fpatel,us-east,2018-01-21,19,2021-12-27T07:14:32.298Z
97252,mevans,us-west,2020-10-02,150,2021-12-27T10:30:15.309Z
64959,scosta,eu-west,2016-11-25,51,2021-12-27T14:42:05.360Z
16954,bend,us-east,2017-07-01,72,2021-12-25T16:31:52.450Z
73833,yusuf.silva,us-east,2020-03-14,212,2021-12-31T23:59:59.000Z
36861,erossi,us-east,2015-11-04,96,2021-12-29T02:50:33.871Z
33145,olgaa,us-east,2015-04-22,109,2021-12-24T02:44:41.911Z
40781,benb,us-east,2019-08-21,37,2021-12-26T20:39:34.064Z
95365,tara.okafor,eu-west,2016-08-14,23,2021-12-29T05:18:25.455Z
72568,tueda,asia-east,2020-09-22,34,2021-12-26T07:05:39.184Z
46704,inakamura,us-west,2020-03-26,148,2021-12-31T23:59:59.000Z
46630,nwang,us-east,2020-07-23,492,2021-12-31T23:59:59.000Z
52236,anna.jensen,us-east,2021-01-15,124,2021-12-26T04:54:14.080Z
28926,lena.jensen,asia-east,2018-04-09,2658,2021-12-31T23:59:59.000Z
75446,ximenaf,eu-west,2017-12-07,31,2021-12-25T04:36:59.290Z
68422,weiq,eu-west,2021-04-27,31,2021-12-31T23:59:59.000Z
46436,cpatel70,us-east,2019-08-05,193,2021-12-31T23:59:59.000Z
13199,qquist,us-west,2019-01-30,88,2021-12-30T22:24:56.933Z
17338,zpatel22,us-east,2017-12-27,35,2021-12-27T16:15:07.271Z
27689,wfischer,us-east,2018-10-24,40,2021-12-20T19:16:09.216Z
97602,davidb,us-west,2017-06-02,109,2021-12-31T23:59:59.000Z
76755,olga.ito,asia-east,2018-11-09,77,2021-12-30T15:11:34.654Z
23834,zoe_baker,us-east,2020-03-15,66,2021-12-31T23:59:59.000Z
28074,nadian,us-west,2020-05-04,43,2021-12-29T06:55:06.920Z
