photo_id,user_id,attempt,time
133423017,76523,1,2021-12-07T22:27:47.196Z
133423017,76523,2,2021-12-07T22:28:17.196Z
133423017,76523,3,2021-12-07T22:29:47.196Z
133423017,76523,4,2021-12-07T22:37:47.196Z
133423017,76523,5,2021-12-07T22:57:47.196Z
133423032,76523,1,2021-12-07T22:28:03.624Z
133423032,76523,2,2021-12-07T22:28:33.624Z
133423032,76523,3,2021-12-07T22:30:03.624Z
133423032,76523,4,2021-12-07T22:38:03.624Z
133423032,76523,5,2021-12-07T22:58:03.624Z
133423037,76523,1,2021-12-07T22:19:28.593Z
133423037,76523,2,2021-12-07T22:19:58.593Z
133423037,76523,3,2021-12-07T22:21:28.593Z
133423037,76523,4,2021-12-07T22:29:28.593Z
133423037,76523,5,2021-12-07T22:49:28.593Z
133423019,76523,1,2021-12-07T22:26:46.935Z
133423019,76523,2,2021-12-07T22:27:16.935Z
133423019,76523,3,2021-12-07T22:28:46.935Z
133423019,76523,4,2021-12-07T22:36:46.935Z
133423019,76523,5,2021-12-07T22:56:46.935Z
133423031,76523,1,2021-12-07T22:28:17.247Z
133423031,76523,2,2021-12-07T22:28:47.247Z
133423031,76523,3,2021-12-07T22:30:17.247Z
133423031,76523,4,2021-12-07T22:38:17.247Z
133423031,76523,5,2021-12-07T22:58:17.247Z
133423039,76523,1,2021-12-07T22:21:01.995Z
133423039,76523,2,2021-12-07T22:21:31.995Z
133423039,76523,3,2021-12-07T22:23:01.995Z
133423039,76523,4,2021-12-07T22:31:01.995Z
133423039,76523,5,2021-12-07T22:51:01.995Z
133423034,76523,1,2021-12-07T22:24:25.496Z
133423034,76523,2,2021-12-07T22:24:55.496Z
133423034,76523,3,2021-12-07T22:26:25.496Z
133423034,76523,4,2021-12-07T22:34:25.496Z
133423034,76523,5,2021-12-07T22:54:25.496Z
133423020,76444,1,2021-12-07T17:42:34.301Z
133423020,76444,2,2021-12-07T17:43:04.301Z
133423020,76444,3,2021-12-07T17:44:34.301Z
133423020,76444,4,2021-12-07T17:52:34.301Z
133423020,76444,5,2021-12-07T18:12:34.301Z
133423022,76444,1,2021-12-07T17:49:26.781Z
133423022,76444,2,2021-12-07T17:49:56.781Z
133423022,76444,3,2021-12-07T17:51:26.781Z
133423022,76444,4,2021-12-07T17:59:26.781Z
133423022,76444,5,2021-12-07T18:19:26.781Z
133423043,76444,1,2021-12-07T17:42:16.008Z
133423043,76444,2,2021-12-07T17:42:46.008Z
133423043,76444,3,2021-12-07T17:44:16.008Z
133423043,76444,4,2021-12-07T17:52:16.008Z
133423043,76444,5,2021-12-07T18:12:16.008Z
133423035,76444,1,2021-12-07T17:50:21.478Z
133423035,76444,2,2021-12-07T17:50:51.478Z
133423035,76444,3,2021-12-07T17:52:21.478Z
133423035,76444,4,2021-12-07T18:00:21.478Z
133423035,76444,5,2021-12-07T18:20:21.478Z
133423015,76444,1,2021-12-07T17:46:59.780Z
133423015,76444,2,2021-12-07T17:47:29.780Z
133423015,76444,3,2021-12-07T17:48:59.780Z
133423015,76444,4,2021-12-07T17:56:59.780Z
133423015,76444,5,2021-12-07T18:16:59.780Z
133423025,76444,1,2021-12-07T17:50:31.442Z
133423025,76444,2,2021-12-07T17:51:01.442Z
133423025,76444,3,2021-12-07T17:52:31.442Z
133423025,76444,4,2021-12-07T18:00:31.442Z
133423025,76444,5,2021-12-07T18:20:31.442Z
133423040,94703,1,2021-12-07T17:46:30.328Z
133423040,94703,2,2021-12-07T17:47:00.328Z
133423040,94703,3,2021-12-07T17:48:30.328Z
133423040,94703,4,2021-12-07T17:56:30.328Z
133423040,94703,5,2021-12-07T18:16:30.328Z
133423041,94703,1,2021-12-07T17:40:10.893Z
133423041,94703,2,2021-12-07T17:40:40.893Z
133423041,94703,3,2021-12-07T17:42:10.893Z
133423041,94703,4,2021-12-07T17:50:10.893Z
133423041,94703,5,2021-12-07T18:10:10.893Z
133423024,94703,1,2021-12-07T22:47:30.270Z
133423024,94703,2,2021-12-07T22:48:00.270Z
133423024,94703,3,2021-12-07T22:49:30.270Z
133423024,94703,4,2021-12-07T22:57:30.270Z
133423027,94703,1,2021-12-07T22:55:50.840Z
133423027,94703,2,2021-12-07T22:56:20.840Z
133423027,94703,3,2021-12-07T22:57:50.840Z
133423018,94703,1,2021-12-07T22:55:13.501Z
133423018,94703,2,2021-12-07T22:55:43.501Z
133423018,94703,3,2021-12-07T22:57:13.501Z
133423033,73885,1,2021-12-07T16:22:05.279Z
133423033,73885,2,2021-12-07T16:22:35.279Z
133423033,73885,3,2021-12-07T16:24:05.279Z
133423033,73885,4,2021-12-07T16:32:05.279Z
133423033,73885,5,2021-12-07T16:52:05.279Z
133423030,73885,1,2021-12-07T16:20:41.761Z
133423030,73885,2,2021-12-07T16:21:11.761Z
133423030,73885,3,2021-12-07T16:22:41.761Z
133423030,73885,4,2021-12-07T16:30:41.761Z
133423030,73885,5,2021-12-07T16:50:41.761Z
133423038,10592,1,2021-12-07T16:42:25.968Z
133423038,10592,2,2021-12-07T16:42:55.968Z
133423038,10592,3,2021-12-07T16:44:25.968Z
133423038,10592,4,2021-12-07T16:52:25.968Z
133423038,10592,5,2021-12-07T17:12:25.968Z
133423016,10592,1,2021-12-07T16:44:44.560Z
133423016,10592,2,2021-12-07T16:45:14.560Z
133423016,10592,3,2021-12-07T16:46:44.560Z
133423016,10592,4,2021-12-07T16:54:44.560Z
133423016,10592,5,2021-12-07T17:14:44.560Z
133423023,64457,1,2021-12-07T18:46:19.600Z
133423023,64457,2,2021-12-07T18:46:49.600Z
133423023,64457,3,2021-12-07T18:48:19.600Z
133423023,64457,4,2021-12-07T18:56:19.600Z
133423023,64457,5,2021-12-07T19:16:19.600Z
133423013,64457,1,2021-12-07T18:44:17.491Z
133423013,64457,2,2021-12-07T18:44:47.491Z
133423013,64457,3,2021-12-07T18:46:17.491Z
133423013,64457,4,2021-12-07T18:54:17.491Z
133423013,64457,5,2021-12-07T19:14:17.491Z
133423042,64457,1,2021-12-07T18:43:12.780Z
133423042,64457,2,2021-12-07T18:43:42.780Z
133423042,64457,3,2021-12-07T18:45:12.780Z
133423042,64457,4,2021-12-07T18:53:12.780Z
133423042,64457,5,2021-12-07T19:13:12.780Z
133423029,52236,1,2021-12-07T22:02:30.011Z
133423029,52236,2,2021-12-07T22:03:00.011Z
133423029,52236,3,2021-12-07T22:04:30.011Z
133423029,52236,4,2021-12-07T22:12:30.011Z
133423029,52236,5,2021-12-07T22:32:30.011Z
